{
    "positionId": {
        "value": "a7206ec8-0f51-43dc-a7f9-443fb315203b"
    },
    "externalPositionId": {
        "value": "ea2f1eeb-ac1a-43c6-8751-d8fd40da167f"
    },
    "externalInterviewOrderId": {
        "value": "dc8a83a5-dc37-4c6d-8af6-939e83db404e"
    },
    "interviewFormatType": "asynchronous video",
    "recruiter": {
        "recruiterName": {
            "formattedName": "Gregory L. Meyers"
        },
        "recruiterContact": {
            "email": [
                {
                    "address": "greg.meyers@montagetalent.com"
                }
            ]
        },
        "name": "Gregory L. Meyers"
    },
    "candidate": {
        "candidateName": {
            "formattedName": "Can - GM"
        },
        "candidateContact": {
            "phone": [
                {
                    "countryDialingCode": "1",
                    "areaDialingCode": "262",
                    "dialNumber": "12623371791",
                    "formattedNumber": "12623371791",
                    "name": "mobile"
                }
            ],
            "email": [
                {
                    "address": "can-gm@montagetalent.com"
                }
            ]
        },
        "name": "Can - GM"
    },
    "questions": [
        {
            "interviewFormatType": "asynchronous video",
            "questions": [
                {
                    "questionText": "This is a question",
                    "mediaURL": {
                        "url": "https://aURItoaVideo.mp4"
                    },
                    "responseType": "video",
                    "responsePrepTimeSeconds": 30.0,
                    "maxResponseLength": 120.0,
                    "rerecordCount": 1.0,
                    "questionContext": "This is the context in which the question is asked."
                }
            ],
            "defaultRerecordCount": 100.0,
            "id": {
                "value": "QuestionID_0"
            }
        }
    ],
    "accountCode": "1234AccountCode",
    "documentId": {
        "value": " "
    },
    "alternateIds": [],
    "dataProtectionPolicy": {},
    "language": "en-US"
}
