{
    "position": {
        "positionTitle": "HR-JSON created position",
        "positionEndDate": "2017-10-03",
        "positionCategory": {
            "id": {
                "name": "team",
                "value": "12529"
            }
        },
        "externalId": {
            "value": "R00160"
        },
        "interviewFormatArray": [ "on-demand" ]
    },
    "questions": [
        {
            "questionText": "Tell us about yourself?",
            "responseType": "essay",
            "maxResponseLength": 300,
            "maxResponseTimeSeconds": 0
        },
        {
            "questionText": "Choose a database engine you are familiar with and describe the underlying data structures.",
            "responseType": "video",
            "responsePrepTimeSeconds": 30,
            "maxResponseTimeSeconds": 300
        }
    ]
}
