{
    "position": {
        "positionId": {
            "value": "7b5298c8-f12c-426a-aa1e-d2106e3f64e6"
        },
        "positionTemplate": {
            "id": {
                "value": "116ad244-b32d-4a26-a99a-21d9f3634204"
            },
            "name": "The Works Position Template"
        },
        "positionTitle": "The Works Position from a Template with additional questions",
        "interviewFormatArray": [
            "live video",
            "asychronous video",
            "live phone",
            "asyncrhonous phone",
            "SMS",
            "in-person",
            "personality assessment"
        ],
        "themeId": { "value": "theme_1" }
    },
    "recruiter": {
        "recruiterContact": {
            "email": [
                {
                    "address": "greg.meyers@montagetalent.com",
                    "preference": 0,
                    "availablePeriod": {
                        "start": "20170915T155300+0500",
                        "end": "20180915T155300+0500"
                    }
                }
            ]
        },
        "id": {
            "value": "cf1b4706-8fb5-47df-9dd8-7cf6dff45133"
        },
        "name": "Gregory L. Meyers"
    },
    "externalId": {
        "value": "e139b425-e71b-4e9e-a8da-c3bd4a0711d7"
    },
    "questions": [
        {
            "interviewFormatType": "video",
            "questions": [
                {
                    "questionText": "This is a question to add to a Template",
                    "mediaURL": {
                        "url": "https://aURItoaVideo.mp4"
                    },
                    "responseType": "video",
                    "responsePrepTimeSeconds": 30.0,
                    "maxResponseLength": 120.0,
                    "rerecordCount": 1.0,
                    "questionContext": "This is the context in which the question is asked."
                }
            ],
            "id": {
                "value": "72370674-c089-47a0-959b-f151720a55f0"
            }
        }
    ],
    "documentId": {
        "value": " "
    },
    "alternateIds": [],
    "dataProtectionPolicy": {},
    "language": "en-US"
}
