{
    "interviewId": { "value": "7463789" },
    "positionId": { "value": "19564" },
    "externalInterviewId": { "value": "ATJ439" },
    "status": "Complete",
    "interviewScores": [
        {
            "interviewScore": {
                "scoresNumeric": [
                    {
                        "value": 4.75,
                        "maximum": 5
                    }
                ]
            },
            "interviewScoreNotes": {
                "note": "Overall Average Rating"
            }
        },
        {
            "interviewScore": {
                "scoresNumeric": [
                    {
                        "value": 82,
                        "maximum": 100
                    }
                ]
            },
            "interviewScoreNotes": {
                "note": "HireVue Assessment Score"
            }
        }

    ],
    "reviewdateTime": "2018-01-10T11:08:12.918657"
}