{
    "catalog": {
        "party": {
            "supplier": {
                "id": {
                    "value": "00000123"
                },
                "name": "Assessment Provider",
                "communication": {
                    "web": [
                        {
                            "url": "http://ap-domain.com/packages/"
                        }
                    ]
                }
            }
        },
        "packages": [
            {
                "packageId": { "value":"001" },
                "name": "",
                "packageCost": {
                    "baseAmount": {
                        "value": 100,
                        "currency": "CAD"
                    },
                    "totalAmount": {
                        "value": 100
                    }
                }
            }
        ]
    }
}
