{
    "report": {
        "documentId": { "value": "01" },
        "alternateIds": [{ "value": "a1" }],
        "language": "en-US",
        "dataProtectionPolicy": {
            "retentionDate": "2017-05-10",
            "retentionDays": 90,
            "geoRestrictions": [{ "country": "US", "policy": "Read" }]
        },

        "party": {
            "customer": { "id": { "value": "00000123" }, "name": "ABC Company" },
            "requester": { "id": { "value": "00000456" }, "name": "ATS, Inc." },
            "provider": { "id": { "value": "00000789" }, "name": "AP, Inc." }
        },

        "subject": {
            "id": { "value": "Subject01" },
            "disablity": {
                "indicator": true,
                "summary": "Limited Hearing"
            }
        },

        "orderId": { "schemeId": "orderId", "value": "001-136" },
        "assessmentResultsURL": { "uri": "http://api-inc.com/api/results/001-136?token=ABC" },
        "results": [{
            "packageId": { "value": "P0001-AH1" },
            "overallResult": {
                "passedIndicator": true
            },
            "assessedCompetency": {
                "name": "Managing Customer Expectations",
                "competencyIds": [{
                    "value": "13-1073.00",
                    "schemeId": "O*NET",
                    "schemeLink": "https://www.onetonline.org/link/summary/13-1151.00?redir=13-1073.00",
                    "schemeVersionId": "21.2"
                }]
            }

        }]
    }
}
