{
    "document": {
        "id": {
            "value": "Approvals"
        }
    },
    "person": {
        "id": {
            "value": "750111"
        },
        "name": {
            "given": "Dimitar",
            "family": "Draganov"
        }
    },
    "period": {
        "start": "2014-07-01",
        "end": "2014-07-30"
    },
    "approvers": [
        {
            "person": {
                "id": {
                    "value": "172890"
                },
                "name": {
                    "given": "Kim",
                    "family": "Bartkus"
                }
            },
            "datetime": "2014-07-26T11:15"
        }
    ],
    "items": [
        {
            "typeCode": "Regular",
            "code": "N",
            "location": { "code": "FM01" },
            "department": { "code": "D1" },
            "period": {
                "start": "2014-07-21T08:00",
                "end": "2014-07-21T14:00"
            },
            "timeTotal": "PT6H",
            "approvers": [
                {
                    "person": {
                        "id": {
                            "value": "834512"
                        },
                        "name": {
                            "given": "Jan-Willem",
                            "family": "Boom",
                            "middle": "van der"
                        }
                    },
                    "datetime": "2014-07-23T08:15"
                }
            ]
        },
        {
            "typeCode": "Training",
            "code": "TR",
            "location": { "code": "FM01" },
            "department": { "code": "D2" },
            "period": {
                "start": "2014-07-21T14:00",
                "end": "2014-07-22T18:00"
            },
            "approvers": [
                {
                    "person": {
                        "id": {
                            "value": "839732"
                        },
                        "name": {
                            "given": "Scott",
                            "family": "Peter"
                        }
                    },
                    "datetime": "2014-07-24T09:32"
                }
            ]
        }
    ]
}