{
    "document": {
        "id": {
            "value": "Balance allocation"
        }
    },
    "person": {
        "id": {
            "value": "750111"
        },
        "name": {
            "given": "John",
            "family": "Doe"
        }
    },
    "period": {
        "start": "2014-07-01",
        "end": "2014-07-31"
    },
    "location": { "code": "FM01" },
    "department": { "code": "MS" },
    "items": [
        {
            "period": {
                "start": "2014-07-07",
                "end": "2014-07-13"
            },
            "balances": [
                {
                    "name": "work",
                    "code": "WT",
                    "quantity": {
                        "value": 42,
                        "unitCode": "HUR"
                    }
                },
                {
                    "name": "plus/minus",
                    "code": "PM",
                    "quantity": {
                        "value": 4,
                        "unitCode": "HUR"
                    }
                },
                {
                    "name": "reduction",
                    "code": "ATV",
                    "quantity": {
                        "value": 2,
                        "unitCode": "HUR"
                    }
                }
            ]
        },
        {
            "period": {
                "start": "2014-07-14",
                "end": "2014-07-20"
            },
            "balances": [
                {
                    "name": "work",
                    "code": "WT",
                    "quantity": {
                        "value": 30,
                        "unitCode": "HUR"
                    }
                },
                {
                    "name": "plus/minus",
                    "code": "PM",
                    "quantity": {
                        "value": -4,
                        "unitCode": "HUR"
                    }
                },
                {
                    "name": "reduction",
                    "code": "ATV",
                    "quantity": {
                        "value": -4,
                        "unitCode": "HUR"
                    }
                }
            ]
        }
    ]
}
