{
    "document": {
        "id": {
            "value": "Detailed hours distribution"
        }
    },
    "person": {
        "id": {
            "value": "BE0244"
        },
        "name": {
            "given": "Bertus",
            "family": "Blader"
        }
    },
    "period": {
        "start": "2014-12-15",
        "end": "2014-12-21"
    },
    "items": [
        {
            "typeCode": "Unscheduled",
            "code": "NS",
            "location": {
                "name": "Antwerp",
                "code": "BE013"
            },
            "period": {
                "start": "2014-12-15T11:30",
                "end": "2014-12-15T12:00"
            }
        },
        {
            "typeCode": "Regular",
            "code": "N",
            "location": {
                "name": "Antwerp",
                "code": "BE013"
            },
            "period": {
                "start": "2014-12-15T12:00",
                "end": "2014-12-15T14:15"
            }
        },
        {
            "typeCode": "Break",
            "code": "BP",
            "location": {
                "name": "Antwerp",
                "code": "BE013"
            },
            "period": {
                "start": "2014-12-15T14:15",
                "end": "2014-12-15T14:30"
            }
        },
        {
            "typeCode": "Regular",
            "code": "N",
            "location": {
                "name": "Antwerp",
                "code": "BE013"
            },
            "period": {
                "start": "2014-12-15T14:30",
                "end": "2014-12-15T17:00"
            }
        },
        {
            "typeCode": "Unscheduled",
            "code": "NS",
            "location": {
                "name": "Antwerp",
                "code": "BE013"
            },
            "period": {
                "start": "2014-12-15T17:00",
                "end": "2014-12-15T17:30"
            }
        },
        {
            "typeCode": "Regular",
            "code": "N",
            "location": {
                "name": "Brussels",
                "code": "BE009"
            },
            "period": {
                "start": "2014-12-16T09:00",
                "end": "2014-12-15T10:30"
            }
        },
        {
            "typeCode": "Break",
            "code": "BP",
            "location": {
                "name": "Brussels",
                "code": "BE009"
            },
            "period": {
                "start": "2014-12-16T10:30",
                "end": "2014-12-15T10:45"
            }
        },
        {
            "typeCode": "Regular",
            "code": "N",
            "location": {
                "name": "Brussels",
                "code": "BE009"
            },
            "period": {
                "start": "2014-12-16T10:45",
                "end": "2014-12-15T12:30"
            }
        },
        {
            "typeCode": "Break",
            "code": "BP",
            "location": {
                "name": "Brussels",
                "code": "BE009"
            },
            "period": {
                "start": "2014-12-16T12:30",
                "end": "2014-12-15T13:00"
            }
        },
        {
            "typeCode": "Regular",
            "code": "N",
            "location": {
                "name": "Brussels",
                "code": "BE009"
            },
            "period": {
                "start": "2014-12-16T13:00",
                "end": "2014-12-15T15:00"
            }
        },
        {
            "typeCode": "Break",
            "code": "BP",
            "location": {
                "name": "Brussels",
                "code": "BE009"
            },
            "period": {
                "start": "2014-12-16T15:00",
                "end": "2014-12-15T15:15"
            }
        },
        {
            "typeCode": "Regular",
            "code": "N",
            "location": {
                "name": "Brussels",
                "code": "BE009"
            },
            "period": {
                "start": "2014-12-16T15:15",
                "end": "2014-12-15T17:30"
            }
        },
        {
            "typeCode": "Regular",
            "code": "N",
            "location": {
                "name": "Antwerp",
                "code": "BE013"
            },
            "period": {
                "start": "2014-12-18T12:00",
                "end": "2014-12-18T15:00"
            }
        },
        {
            "typeCode": "Break",
            "code": "BP",
            "location": {
                "name": "Antwerp",
                "code": "BE013"
            },
            "period": {
                "start": "2014-12-18T15:00",
                "end": "2014-12-18T15:15"
            }
        },
        {
            "typeCode": "Regular",
            "code": "N",
            "location": {
                "name": "Antwerp",
                "code": "BE013"
            },
            "period": {
                "start": "2014-12-18T15:15",
                "end": "2014-12-18T17:45"
            }
        },
        {
            "typeCode": "Break",
            "code": "N",
            "location": {
                "name": "Antwerp",
                "code": "BE013"
            },
            "period": {
                "start": "2014-12-18T17:45",
                "end": "2014-12-18T18:45"
            }
        },
        {
            "typeCode": "Regular",
            "code": "N",
            "location": {
                "name": "Antwerp",
                "code": "BE013"
            },
            "period": {
                "start": "2014-12-18T18:45",
                "end": "2014-12-18T21:00"
            }
        },
        {
            "typeCode": "Compensation",
            "code": "SH",
            "period": {
                "start": "2014-12-18T18:45",
                "end": "2014-12-18T21:00"
            },
            "timeTotal": "PT36M15S"
        },
        {
            "typeCode": "Training",
            "code": "TR",
            "location": {
                "name": "Head Office",
                "code": "BEHO"
            },
            "costCenter": { "code": "BEHO" },
            "period": {
                "start": "2014-12-19T12:00",
                "end": "2014-12-19T13:00"
            }
        },
        {
            "typeCode": "Regular",
            "code": "N",
            "location": {
                "name": "Antwerp",
                "code": "BE013"
            },
            "period": {
                "start": "2014-12-19T13:00",
                "end": "2014-12-19T15:00"
            }
        },
        {
            "typeCode": "Break",
            "code": "BP",
            "location": {
                "name": "Antwerp",
                "code": "BE013"
            },
            "period": {
                "start": "2014-12-19T15:00",
                "end": "2014-12-19T15:15"
            }
        },
        {
            "typeCode": "Regular",
            "code": "N",
            "location": {
                "name": "Antwerp",
                "code": "BE013"
            },
            "period": {
                "start": "2014-12-19T15:15",
                "end": "2014-12-19T17:15"
            }
        },
        {
            "typeCode": "Break",
            "code": "N",
            "location": {
                "name": "Antwerp",
                "code": "BE013"
            },
            "period": {
                "start": "2014-12-19T17:15",
                "end": "2014-12-19T17:45"
            }
        },
        {
            "typeCode": "Regular",
            "code": "N",
            "location": {
                "name": "Antwerp",
                "code": "BE013"
            },
            "period": {
                "start": "2014-12-19T17:45",
                "end": "2014-12-19T18:00"
            }
        },
        {
            "typeCode": "Regular",
            "code": "N",
            "location": {
                "name": "Antwerp",
                "code": "BE013"
            },
            "period": {
                "start": "2014-12-19T18:00",
                "end": "2014-12-19T20:00"
            }
        },
        {
            "typeCode": "Compensation",
            "code": "SH",
            "period": {
                "start": "2014-12-18T18:00",
                "end": "2014-12-18T20:00"
            },
            "timeTotal": "PT30M"
        },
        {
            "typeCode": "Unscheduled",
            "code": "NS",
            "location": {
                "name": "Antwerp",
                "code": "BE013"
            },
            "period": {
                "start": "2014-12-19T20:00",
                "end": "2014-12-19T21:00"
            }
        },
        {
            "typeCode": "Regular",
            "code": "N",
            "location": {
                "name": "Antwerp",
                "code": "BE013"
            },
            "period": {
                "start": "2014-12-20T10:00",
                "end": "2014-12-20T12:30"
            }
        },
        {
            "typeCode": "Break",
            "code": "BP",
            "location": {
                "name": "Antwerp",
                "code": "BE013"
            },
            "period": {
                "start": "2014-12-20T12:30",
                "end": "2014-12-20T13:00"
            }
        },
        {
            "typeCode": "Regular",
            "code": "N",
            "location": {
                "name": "Antwerp",
                "code": "BE013"
            },
            "period": {
                "start": "2014-12-20T13:00",
                "end": "2014-12-20T15:30"
            }
        }
    ]
}
