{
    "document": {
        "id": {
            "value": "Breaks(Clocked)"
        }
    },
    "person": {
        "id": {
            "value": "E1222"
        },
        "name": {
            "given": "John",
            "family": "Doe"
        }
    },
    "location": { "code": "ST100" },
    "period": "2014-07-27",
    "items": [
        {
            "period": {
                "start": "2014-07-27T09:00",
                "end": "2014-07-27T16:00"
            },
            "department": {
                "code": "Res1",
                "name": "Home Regular"
            },
            "timeTotal": "PT6H25M"
        },
        {
            "period": {
                "start": "2014-07-27T16:00",
                "end": "2014-07-27T18:00"
            },
            "department": {
                "code": "Res2",
                "name": "Vintage"
            },
            "timeTotal": "PT1H50M"
        }
    ]
}