{
    "document": {
        "id": {
            "value": "Cost Allocation"
        }
    },
    "person": {
        "id": {
            "value": "E1222"
        },
        "name": {
            "given": "John",
            "family": "Doe"
        }
    },
    "period": "2014-07-21",
    "costAllocation": [
        {
            "percentage": 0.50,
            "department": {
                "code": "KIT",
                "name": "Kitchen"
            }
        },
        {
            "percentage": 0.30,
            "department": {
                "code": "BTR",
                "name": "Bathroom"
            }
        },
        {
            "percentage": 0.20,
            "department": {
                "code": "MENT",
                "name": "Mentoring"
            }
        }
    ],
    "items": [
        {
            "typeCode": "Regular",
            "code": "N",
            "location": { "code": "ST100" },
            "period": {
                "start": "2014-07-21T08:00",
                "end": "2014-07-21T17:00"
            },
            "timeTotal": "PT8H"
        }
    ]
}