{
    "document": {
        "id": {
            "value": "Multiple Rates"
        }
    },
    "person": {
        "id": {
            "value": "750111"
        },
        "name": {
            "given": "Tyler",
            "family": "Doe"
        }
    },
    "period": {
        "start": "2014-07-21",
        "end": "2014-07-27"
    },
    "payRates": [
        {
            "code": "EMP",
            "name": "employer",
            "amount": {
                "value": 12.00,
                "currency": "USD"
            }
        },
        {
            "code": "LND",
            "name": "lending",
            "amount": {
                "value": 20.00,
                "currency": "USD"
            }
        }
    ],
    "items": [
        {
            "typeCode": "Regular",
            "code": "N",
            "location": { "code": "RFAC" },
            "department": { "name": "shipping" },
            "period": {
                "start": "2014-07-21T08:00",
                "end": "2014-07-21T19:00"
            },
            "timeTotal": "PT10H"
        },
        {
            "typeCode": "Overtime",
            "code": "overtime 1",
            "payable": true,
            "billable": true,
            "period": "2014-07-21",
            "timeTotal": "PT2H",
            "payRates": [
                {
                    "amount": {
                        "value": 5.00,
                        "currency": "USD"
                    }
                }
            ]
        },
        {
            "typeCode": "Regular",
            "code": "N",
            "location": { "code": "RFAC" },
            "department": { "name": " shipping " },
            "period": {
                "start": "2014-07-22T08:00",
                "end": "2014-07-22T17:00"
            },
            "timeTotal": "PT8H"
        },
        {
            "typeCode": "Regular",
            "code": "N",
            "location": { "code": "RFAC" },
            "department": { "name": " shipping " },
            "period": {
                "start": "2014-07-23T08:00",
                "end": "2014-07-23T17:00"
            },
            "timeTotal": "PT8H"
        },
        {
            "typeCode": "Regular",
            "code": "N",
            "location": { "code": "RFAC" },
            "department": { "name": "warehouse" },
            "period": {
                "start": "2014-07-24T08:00",
                "end": "2014-07-24T17:00"
            },
            "timeTotal": "PT8H",
            "payRates": [
                {
                    "amount": {
                        "value": 13.00,
                        "currency": "USD"
                    }
                }
            ]
        }
    ]
}