{
    "document": {
        "id": {
            "value": "Corporate Expenses"
        }
    },
    "person": {
        "id": {
            "value": "E#1333"
        },
        "name": {
            "given": "John",
            "family": "Doe"
        }
    },
    "period": "2015-02-02",
    "items": [
        {
            "typeCode": "Regular",
            "code": "N",
            "period": {
                "start": "2015-02-02T09:00",
                "end": "2015-02-02T11:30"
            },
            "location": { "code": "ST100" },
            "department": { "code": "DEL" }
        },
        {
            "typeCode": "Travel",
            "code": "TRV",
            "period": {
                "start": "2015-02-02T12:00",
                "end": "2015-02-02T13:30"
            },
            "costCenter": { "code": "ST200" },
            "expenses": [
                {
                    "code": "TRE",
                    "amount": {
                        "value": 34.20,
                        "currency": "USD"
                    }
                }
            ]
        },
        {
            "typeCode": "Pickup",
            "code": "REC",
            "period": {
                "start": "2015-02-02T13:30",
                "end": "2015-02-02T14:00"
            },
            "costCenter": { "code": "ST200" }
        },
        {
            "typeCode": "Travel",
            "code": "TRV",
            "period": {
                "start": "2015-02-02T14:00",
                "end": "2015-02-02T14:30"
            },
            "costCenter": { "code": "ST200" },
            "expenses": [
                {
                    "code": "TRE",
                    "amount": {
                        "value": 17.10,
                        "currency": "USD"
                    }
                }
            ]
        },
        {
            "typeCode": "Pickup",
            "code": "REC",
            "period": {
                "start": "2015-02-02T14:30",
                "end": "2015-02-02T15:15"
            },
            "costCenter": { "code": "ST200" }
        },
        {
            "typeCode": "Travel",
            "code": "TRV",
            "period": {
                "start": "2015-02-02T15:15",
                "end": "2015-02-02T16:45"
            },
            "costCenter": { "code": "ST200" },
            "expenses": [
                {
                    "code": "TRE",
                    "amount": {
                        "value": 34.20,
                        "currency": "USD"
                    }
                }
            ]
        },
        {
            "typeCode": "Break",
            "code": "BP",
            "period": {
                "start": "2015-02-02T16:45",
                "end": "2015-02-02T16:55"
            },
            "location": { "code": "ST100" }
        },
        {
            "typeCode": "Regular",
            "code": "N",
            "period": {
                "start": "2015-02-02T16:55",
                "end": "2015-02-02T17:30"
            },
            "location": { "code": "ST100" },
            "department": { "code": "DEL" }
        },
        {
            "typeCode": "Regular",
            "code": "N",
            "period": {
                "start": "2015-02-02T17:30",
                "end": "2015-02-02T18:00"
            },
            "location": { "code": "ST100" },
            "department": { "code": "ADM" }
        }
    ]
}