{
    "document": {
        "id": {
            "value": "Production Work"
        }
    },
    "person": {
        "id": {
            "value": "750111"
        },
        "name": {
            "given": "John",
            "family": "Doe"
        }
    },
    "period": "2014-07-21",
    "workAllocation": [
        {
            "quantityLimit": 500,
            "payRate": {
                "name": "low",
                "amount": {
                    "value": 3.45,
                    "currency": "USD"
                }
            }
        },
        {
            "quantityLimit": 3000,
            "payRate": {
                "name": "normal",
                "amount": {
                    "value": 3.75,
                    "currency": "USD"
                }
            }
        },
        {
            "quantityLimit": 100000,
            "payRate": {
                "name": "high",
                "amount": {
                    "value": 4.10,
                    "currency": "USD"
                }
            }
        }
    ],
    "items": [
        {
            "period": "2014-07-21",
            "pieceWork": [
                {
                    "id": {
                        "value": "ML8907123871"
                    },
                    "quantity": {
                        "value": 800,
                        "type": "boxes"
                    }
                },
                {
                    "id": {
                        "value": "CL8950061322"
                    },
                    "quantity": {
                        "value": 1200,
                        "type": "boxes"
                    }
                }
            ]
        }
    ]
}