{
    "document": {
        "id": {
            "value": "Clock Actions"
        }
    },
    "period": {
        "start": "2014-07-21",
        "end": "2014-07-27"
    },
    "location": { "code": "FM01" },
    "items": [
        {
            "id": {
                "value": "750111"
            },
            "period": "2014-07-21T08:53",
            "code": "IN",
            "department": {
                "code": "D1",
                "name": "Department 1"
            }
        },
        {
            "id": {
                "value": "750111"
            },
            "period": "2014-07-21T12:13",
            "code": "OUT",
            "department": {
                "code": "D1",
                "name": "Department 1"
            }
        },
        {
            "id": {
                "value": "750111"
            },
            "period": "2014-07-21T12:23",
            "code": "IN",
            "department": {
                "code": "D2",
                "name": "Department 2"
            }
        },
        {
            "id": {
                "value": "750111"
            },
            "period": "2014-07-21T18:03",
            "code": "OUT",
            "department": {
                "code": "D2",
                "name": "Department 2"
            }
        },
        {
            "id": {
                "value": "172890"
            },
            "period": "2014-07-21T21:53"
        },
        {
            "id": {
                "value": "172890"
            },
            "period": "2014-07-22T02:53",
            "entryDate": "2014-07-21"
        }
    ]
}