{
    "document": {
        "id": {
            "value": "Original"
        }
    },
    "person": {
        "id": {
            "value": "750111"
        },
        "name": {
            "given": "John",
            "family": "Doe"
        }
    },
    "items": [
        {
            "id": {
                "value": "4310"
            },
            "typeCode": "Regular",
            "code": "N",
            "department": {
                "code": "S",
                "name": "Sales"
            },
            "costCenter": { "code": "SL" },
            "period": "2014-11-01",
            "entryDate": "2014-11-01T18:02:23",
            "timeTotal": "PT8H"
        },
        {
            "id": {
                "value": "4311"
            },
            "typeCode": "Regular",
            "code": "N",
            "department": {
                "code": "S",
                "name": "Sales"
            },
            "costCenter": { "code": "SL" },
            "period": "2014-11-02",
            "entryDate": "2014-11-02T18:02:23",
            "timeTotal": "PT8H"
        },
        {
            "id": {
                "value": "4312"
            },
            "typeCode": "Regular",
            "code": "N",
            "department": {
                "code": "S",
                "name": "Sales"
            },
            "costCenter": { "code": "SL" },
            "period": "2014-11-03",
            "entryDate": "2014-11-03T18:02:23",
            "timeTotal": "PT8H"
        },
        {
            "id": {
                "value": "4313"
            },
            "typeCode": "Regular",
            "code": "PTO",
            "period": {
                "start": "2014-11-06T08:00",
                "end": "2014-11-06T17:00"
            },
            "timeTotal": "PT8H"
        },
        {
            "id": {
                "value": "4314"
            },
            "typeCode": "Regular",
            "code": "PTO",
            "period": {
                "start": "2014-11-07T08:00",
                "end": "2014-11-07T17:00"
            },
            "timeTotal": "PT8H"
        }
    ]
}