{
    "order": {
        "packageId": { "value": "123456" },
        "documentId": { "value": "" },
        "subject": {
            "id": {
                "value": "C-001",
                "schemeId": "candidateId"
            },
            "name": {
                "family": "Clegan",
                "given": "Sandor",
                "formattedName": "Sandor Clegan"
            }
        },
        "communication": {
            "email": [{ "address": "sandor.clegan@gmail.com" }]
        },
        "onCompletionURL": {
            "uri": "https://assess.example-ap.com/api/v1/id=123456&",
            "message": "Thank you for completing the assessment."
        },
        "sendAssessmentResultsToURL": {
            "uri": "https://reports.example-ap.com/api/v1/id=123456&",
            "message": "Assessment report will be available at this URL.",
            "validFrom": "2016-12-02",
            "validTo": "2017-02-01"
        }
    }
}
