{
    "$schema": "http://schema.hropenstandards.org/4_0/common/json/meta/hros.json",
    "version": "4.1.0",
    "title": "RecruiterContactType",
    "description": "The contact information for a recruiter managing the position.",
    "allOf": [
        { "$ref": "../../common/json/base/EntityType.json#" }
    ],
    "type": "object",
    "properties": {
        "recruiterName": {
            "description": "The recruiter's name.",
            "type": "object",
            "allOf": [
                { "$ref": "../../common/json/person/PersonNameType.json#" }
            ],
            "required": [ "formattedName" ]
        },
        "recruiterContact": {
            "description": "The phone number, email or other communication method for contacting the requesting recruiter.",
            "$ref": "../../common/json/communication/CommunicationType.json#"
        }
    }
}
