{
    "badge_instance": {
        "id": {
            "value": "PSM I",
            "description": "Professional Scrum Badge",
            "schemeId": "ACME Assessments"
        },
        "Name": "Assessment Badge for Scrum Knowledge.",
        "type": {
            "code": "Knowledge",
            "id": { "value": "", "description": "Use this identifier to define the type of badge." },
            "name": "Name for this type of badge."
        },
        "status": "Active",
        "effectiveTimePeriod": {
            "validFrom": "2017-01",
            "validTo": "2017-12"
        },
        "firstIssued": "2017-01",
        "issuingAuthority": {
            "description": { "value": "Scrum.org" },
            "workEnvironment": "NonProfit",
            "domainName": "www.scrum.org"
        },
        "attachmentReferences": [{
            "reference": {
                "agencyUri": "https://www.scrum.org",
                "schemeLink": "https://www.scrum.org/Assessments/Certification-Lists?AssessmentName=PSM%20I&l=CALAFAT",
                "value": "xyz",
                "description": "Links to a page that shows the name and time of completion."
            },
            "uri": "#"
        }]
    }
}
