{
    "$schema": "http://schema.hropenstandards.org/4_0/common/json/meta/hros.json",
    "version": "4.1.0",
    "title": "certificationType_sample_objects",
    "description": "Samples for profile/CertificationType.json",
    "type": "object",
    "properties": {
        "badge_instance": { "$ref": "../../../profile/CertificationType.json#" },
        "certificate_instance": { "$ref": "../../../profile/CertificationType.json#" },
        "certification_instance": { "$ref": "../../../profile/CertificationType.json#" },
        "degree_instance": { "$ref": "../../../profile/CertificationType.json#" },
        "diploma_instance": { "$ref": "../../../profile/CertificationType.json#" }
    }
}
