{
    "certification_instance": {
        "id": {
            "value": "123456789",
            "description": "A unique identifier to the certificate as defined by the issuing authority."
        },
        "name": "Common name of the certification.",
        "type": {
            "code": "",
            "id": { "value": "" },
            "name": ""
        },
        "status": "Active",
        "effectiveTimePeriod": {
            "validFrom": "2017-01",
            "validTo": "2017-12"
        },
        "firstIssued": "2017-01",
        "issuingAuthority": {
            "description": { "value": "The organization that issued the certification." },
            "workEnvironment": "NonProfit",
            "domainName": "www.example.edu"
        },
        "attachmentReferences": [{
            "reference": {
                "value": "",
                "description": "Identifier to provide evidence of the issue or the validity of the license."
            },
            "uri": "#/",
            "descriptions": ["uri is defined to be a JSON Pointer."]
        }],
        "descriptions": ["Array of strings to provide more information."]
    }
}
