{
    "personCompetencyType_01": {
        "competencyName": "Reading Comprehension",
        "description": "Understanding written sentences and paragraphs in work related documents.",
        "competencyIds": [
            {
                "value": "2.A.1.a",
                "schemeId": "O*NET",
                "schemeVersionId": "20.1",
                "schemeAgencyId": "Occupational Information Network"
            }
        ]
    },
    "proficiencyLevel": {
        "scoresText": [
            {
                "value": "80",
                "maximum": "100",
                "minimum": "0"
            }
        ]
    },
    "lastUsedDate": "2016-11-04",
    "competencyDimensions": [
        {
            "dimensionType": "ability",
            "score": {
                "value": "85"
            }
        }
    ]
}
