{
    "$schema": "http://schema.hropenstandards.org/4_0/common/json/meta/hros.json",
    "version": "4.1.0",
    "title": "CatalogPackageType",
    "description": "A list of available screening packages.",
    "type": "object",
    "definitions": {
        "PackageType": {
            "title": "PackageType",
            "description": "A screening package.",
            "type": "object",
            "properties": {
                "packageCode": {
                    "description": "The code corresponding to a screening package.",
                    "$ref": "../../common/json/base/CodeType.json#"
                },
                "packageDescription": {
                    "description": "The description of what the screening package.",
                    "$ref": "../../common/json/base/TextType.json#"
                }
            },
            "required": ["packageCode"]
        }
    },
    "properties": {
        "packages": {
            "type": "array",
            "items": { "$ref": "#/definitions/PackageType" }
        }
    }
}
