{
    "$schema": "http://schema.hropenstandards.org/4_0/common/json/meta/hros.json",
    "version": "4.1.0",
    "title": "ReferenceObjectTypeArray",
    "description": "Array of referenceObjects, such as a billing code, job code, division, etc. Values that are assigned and meaningful to an ATS. This should not include Id of the order, which would be handled in NounType Id",
    "type": "array",
    "items": {
        "type": "object",
        "properties": {
            "referenceObjectName": { "type": "string" },
            "referenceObjectValue": { "type": "string" }
        }
    }
}
