{
    "$schema": "http://schema.hropenstandards.org/4_0/common/json/meta/hros.json",
    "version": "4.1.0",
    "title": "ScheduleType",
    "description": "Periodic schedule of employee worktime.",
    "type": "object",
    "definitions": {
        "DayScheduleType": {
            "type": "object",
            "items": {
                "type": "object",
                "allOf": [
                    { "$ref": "../base/EntityType.json#" }
                ],
                "properties": {
                    "weekday": { "$ref": "../codelist/WeekdayCodeList.json#" },
                    "date": { "$ref": "../base/TimeType.json#" },
                    "startTime": { "$ref": "../base/TimeType.json#" },
                    "endTime": { "$ref": "../base/TimeType.json#" },
                    "hours": { "$ref": "../base/DurationType.json#" },
                    "shift": { "$ref": "../base/EntityType.json#" }
                },
                "minProperties": 1,
                "dependencies": {
                    "startTime": [ "endTime" ],
                    "endTime": [ "startTime" ],
                    "weekday": {
                        "not": {
                            "type": "object",
                            "properties": {
                                "date": {}
                            }
                        }
                    },
                    "date": {
                        "not": {
                            "type": "object",
                            "properties": {
                                "weekday": {}
                            }
                        }
                    }
                }
            }
        }
    },
    "allOf": [
        { "$ref": "../base/EntityType.json#" }
    ],
    "properties": {
        "period": { "$ref": "../base/PeriodType.json#" },
        "hours": { "$ref": "../base/DurationType.json#" },
        "items": {
            "type": "array",
            "items": { "$ref": "#/definitions/DayScheduleType" }
        }
    }
}
