{
    "$schema": "http://schema.hropenstandards.org/4_0/common/json/meta/hros.json",
    "version": "4.1.0",
    "title": "AddressType",
    "type": "object",
    "properties": {
        "line": {
            "description": "Street line address",
            "type": "string"
        },
        "extendedLines": {
            "description": "Extended address components (e.g. apartment or suite number).",
            "type": "array",
            "items": { "$ref": "AddressComponentType.json#" }
        },
        "countryCode": { "$ref": "../codelist/CountryCodeList.json#" },
        "countrySubDivisions": {
            "description": "Qualifies the further divisions of the Country. These may be Districts, Regions, States, Provinces etc.",
            "type": "array",
            "items": { "$ref": "AddressComponentType.json#" }
        },
        "city": { "type": "string" },
        "postalCode": { "type": "string" },
        "postOfficeBox": { "type": "string" },
        "geoLocation": { "$ref": "../base/GeoType.json#" },
        "formattedAddress": { "type": "string" }
    },
    "minProperties": 1
}