{
    "$schema": "http://schema.hropenstandards.org/4_0/common/json/meta/hros.json",
    "version": "4.1.0",
    "title": "CommunicationItemInclusion",
    "description": "Common properties for communication items",
    "type": "object",
    "properties": {
        "name": {
            "description": "Provide description for particular communication item",
            "type": "string"
        },
        "useCode": {
            "description": "Code identifying the usage of the contact point e.g. business, private, etc.",
            "$ref": "../base/CodeType.json#"
        },
        "preference": {
            "description": "Provide priority for given communication item",
            "type": "integer"
        },
        "availablePeriod": { "$ref": "../base/DateTimePeriodType.json#" }
    }
}