{
    "$schema": "http://schema.hropenstandards.org/4_0/common/json/meta/hros.json",
    "version": "4.1.0",
    "title": "CompetencyDimensionType",
    "description": "A measurable characteristic of a competency. Examples might include 'frequency of use,' 'level of interest,' etc.",
    "type": "object",
    "properties": {
        "dimensionType": {
            "description": "A code classifying the type of competency dimension.",
            "$ref": "../base/CodeType.json#"
        },
        "score": { "$ref": "../evaluation/ScoreType.json#" }
    }
}
