{
    "$schema": "http://schema.hropenstandards.org/4_0/common/json/meta/hros.json",
    "version": "4.1.0",
    "title": "SpecifiedCompetencyType",
    "description": "A specified competency is a reference to a particular competency at a specified level of proficiency.",
    "type": "object",
    "properties": {
        "competencyIds": {
            "description": "Array of competency identifiers.",
            "type": "array",
            "items": { "$ref": "../base/IdentifierType.json#" }
        },
        "name": {
            "description": "Competency name.",
            "type": "string"
        },
        "proficiencyLevel": { "$ref": "../evaluation/BaseScoreType.json#" }
    }
}
