{
    "$schema": "http://schema.hropenstandards.org/4_0/common/json/meta/hros.json",
    "version": "4.1.0",
    "title": "CoverageType",
    "description": "Describes the coverage details such as plan and group id, and the organization carrying the plan.",
    "type": "object",
    "properties": {
        "id": { "$ref": "../../common/json/base/IdentifierType.json#" },
        "electedPlanId": { "$ref": "../../common/json/base/IdentifierType.json#" },
        "groupNumberId": { "$ref": "../../common/json/base/IdentifierType.json#" },
        "carrierOrganization": { "$ref": "../../common/json/organization/OrganizationReferenceType.json#" }
    }
}
