{
    "$schema": "http://schema.hropenstandards.org/4_0/common/json/meta/hros.json",
    "version": "4.1.0",
    "title": "AmountType",
    "description": "An amount is a number of monetary units specified in a currency.",
    "type": "object",
    "properties": {
        "value": { 
            "description": "The value of the amount.",
            "type": "number" 
        },
        "currency": { 
            "description": "The currency of the amount.",
            "$ref": "../codelist/CurrencyCodeList.json#" 
        }
    },
    "required": [ "value" ]
}
