{
    "$schema": "http://schema.hropenstandards.org/4_0/common/json/meta/hros.json",
    "version": "4.1.0",
    "title": "CommentType",
    "description": "A comment to provide additional information concerning the related entity.",
    "allOf": [
        { "$ref": "LocalizationInclusion.json#" }
    ],
    "type": "object",
    "properties": {
        "type": { 
            "description": "A label describing the type of comment.",
            "type": "string" 
        },
        "author": { 
            "description": "The name of an author of a comment",
            "type": "string" 
        },
        "datetime": { 
            "description": "The date and time that the comment was made.",
            "$ref": "DateTimeType.json#" 
        },
        "status": { 
            "description": "The status of a comment.",
            "type": "string" 
        },
        "note": { 
            "description": "The comment.",
            "type": "string" 
        }
    },
    "required": [ "note" ]
}
