{
    "$schema": "http://schema.hropenstandards.org/4_0/common/json/meta/hros.json",
    "version": "4.1.0",
    "title": "DateOpenEndPeriodType",
    "description": "Single period between dates. The end date is optional and should be used in cases where the end of the period is unknown or uncertain.",
    "type": "object",
    "properties": {
        "start": { "$ref": "DateType.json#" },
        "end": { "$ref": "DateType.json#" }
    },
    "required": [ "start" ],
    "additionalProperties": false
}