{
    "$schema": "http://schema.hropenstandards.org/4_0/common/json/meta/hros.json",
    "version": "4.1.0",
    "title": "DateTimeOpenEndPeriodType",
    "description": "Single period between date/times. The end date/time is optional and should be used in cases where the end of the period is unknown or uncertain.",
    "type": "object",
    "properties": {
        "start": { "$ref": "DateTimeType.json#" },
        "end": { "$ref": "DateTimeType.json#" }
    },
    "required": [ "start" ],
    "additionalProperties": false
}