{
    "$schema": "http://schema.hropenstandards.org/4_0/common/json/meta/hros.json",
    "version": "4.1.0",
    "title": "DurationType",
    "description": "A duration is the specification of a length of time without a fixed start or end time.",
    "oneOf": [
        {
            "description": "Decimal value in seconds",
            "type": "number"
        },
        {
            "description": "ISO8601 time duration format",
            "type": "string",
            "format": "duration",
            "pattern": "^(-|)P(?:\\d+(?:(\\.(?!.*[a-zA-Z][0-9].*))\\d+)?Y)?(?:\\d+(?:(\\.(?!.*[a-zA-Z][0-9].*))\\d+)?M)?(?:\\d+(?:(\\.(?!.*[a-zA-Z][0-9].*))\\d+)?W)?(?:\\d+(?:(\\.(?!.*[a-zA-Z][0-9].*))\\d+)?D)?(?:T(?:\\d+(?:(\\.(?!.*[a-zA-Z][0-9].*))\\d+)?H)?(?:\\d+(?:(\\.(?!.*[a-zA-Z][0-9].*))\\d+)?M)?(?:\\d+(?:(\\.(?!.*[a-zA-Z][0-9].*))\\d+)?S)?)?$"
        }
    ]
}