{
    "$schema": "http://schema.hropenstandards.org/4_0/common/json/meta/hros.json",
    "version": "4.1.0",
    "title": "QuantityType",
    "description": "A quantity is a counted number of non-monetary units, possibly including fractions.",
    "type": "object",
    "properties": {
        "value": { 
            "description": "The number of quantity.",
            "type": "number" 
        },
        "unitCode": { 
            "description": "The unit of quantity.",
            "$ref": "../codelist/UnitCodeList.json#" 
        }
    },
    "required": [ "value" ]
}
