{
    "$schema": "http://schema.hropenstandards.org/4_0/common/json/meta/hros.json",
    "version": "4.1.0",
    "title": "YearOpenEndPeriodType",
    "description": "Single period between years. The end year is optional and should be used in cases where the end of the period is unknown or uncertain.",
    "type": "object",
    "properties": {
        "start": { "$ref": "YearType.json#" },
        "end": { "$ref": "YearType.json#" }
    },
    "required": [ "start" ],
    "additionalProperties": false
}