{
    "documentId": { "value": "01" },
    "alternateIds": [{ "value": "a1" }],
    "language": "en-US",
    "dataProtectionPolicy": {
        "retentionDate": "2017-05-10",
        "retentionDays": 90,
        "geoRestrictions": [{ "country": "US", "policy": "Read" }]
    },


    "person": {
        "id": { "value": "23451" },
        "legalId": { "value": "222222222" },
        "name": {
            "formattedName": "Mary Life-Event",
            "given": "Mary",
            "family": "Life-Event"
        },
        "communication": {
            "phone": [{
                "useCode": "business",
                "formattedNumber": "617-555-5555"
            }],
            "email": [{
                "useCode": "business",
                "address": "MLifeEvent@company.edu"
            }]
        },
        "birthDate": "1980-07-25",
        "deceasedIndicator": false,
        "gender": "Female",
        "maritalStatus": "Married",
        "primaryLanguage": "fr-CA",
        "citizenship": ["CA"],
        "residenceCountry": ["US"],
        "tobaccoUserIndicator": true,
        "weight": [{
            "value": "125",
            "unitCode": "pound"
        }],
        "height": {
            "value": 64,
            "unitCode": "INH"
        }

    },
    "employee": {
        "id": { "value": "AB23334" },
        "positionTypeCode": "DirectHire",
        "laborBargainingUnitMemberIndicator": false
    },
    "employment": {
        "hire": {
            "originalDate": "2000-01-01"
        }
    },
    "deployment": [{
        "resourceRelationshipCode": "Employee",
        "organizationIds": [{ "value": "ACME" }],
        "job": {
            "categoryCode": "Professionals"
        },
        "position": {
            "remunerationBasisCode": "Salaried",
            "positionTypeCode": "DirectHire"
        },
        "wageHourLawCoverageIndicator": false
    }],
    "dependent": [{
            "id": { "value": "2345-01" },
            "relationshipCode": "Spouse",
            "person": {
                "id": { "value": "2345-01" },
                "legalId": { "value": "123001234" },
                "name": {
                    "formattedName": "Scott Life-Event",
                    "given": "Scott",
                    "family": "Life-Event"
                },
                "birthDate": "1980-01-01",
                "gender": "Male"
            }
        },
        {
            "id": { "value": "2345-02" },
            "relationshipCode": "Child",
            "person": {
                "id": { "value": "2345-02" },
                "legalId": { "value": "123004321" },
                "name": {
                    "formattedName": "Reiss Life-Event",
                    "given": "Reiss",
                    "family": "Life-Event"
                },
                "birthDate": "2017-04-17",
                "gender": "Female"
            }
        }
    ],
    "rateBasedCoverage": [{
        "electedPlanId": { "value": "SUPPCH" },
        "groupNumberId": { "value": "122334" },
        "rateBasedProductCode": "Life",
        "productTypeCode": "Supplemental",
        "coverageEntityCode": "Child",
        "carrierOrganization": {
            "id": { "value": "Carrier" },
            "name": "Carrier Insurance Company"
        },
        "effectivePeriod": {
            "validTo": "2017-04-01"
        },
        "lateEntranceIndicator": false,
        "approvedCoverageLevel": {
            "amount": {
                "value": 10000
            },
            "volumeAmount": {
                "value": 10000
            },
            "eoiRequiredIndictator": "F",
            "beneficiary": {
                "designationSequence": "1",
                "name": {
                    "formattedName": "Mary Life-event",
                    "given": "Mary",
                    "family": "Life-Event"
                },
                "id": "1",
                "birthDate": "1980-07-25",
                "familyRelationshipCode": "Mother",
                "inheritanceAmount": {
                    "value": "100%"
                },
                "lifeCoverageStatus": "Member is active"
            }
        }
    }]
}
