{
    "$schema": "http://schema.hropenstandards.org/4_0/common/json/meta/hros.json",
    "version": "4.1.0",
    "title": "PersonBaseType",
    "description": "Represents common data about a person.",
    "type": "object",
    "allOf": [
        { "$ref": "PersonReferenceType.json#" }
    ],
    "properties": {
        "legalId": {
            "description": "The legal identifier of a person. The issuer is most likely a country or state.",
            "$ref": "../base/IdentifierType.json#"
        },
        "birthDate": {
            "description": "The birth date of a person.",
            "$ref": "../base/DateType.json#"
        },
        "gender": {
            "description": "The gender of a person.",
            "$ref": "../codelist/GenderCodeList.json#"
        },
        "citizenship": {
            "description": "The citizenships that a person holds. This is a legal citizenship in a country (as opposed to nationality which may or may not be a country).",
            "type": "array",
            "items": { "$ref": "../codelist/CountryCodeList.json#" }
        },
        "residenceCountry": {
            "description": "The country (or countries) where a person currently resides.",
            "type": "array",
            "items": { "$ref": "../codelist/CountryCodeList.json#" }
        },
        "militaryStatus": {
            "description": "The military status of a person.",
            "type": "string"
        },
        "ethnicity": {
            "description": "The ethnicity (or ethnicity of a person. Ethnicity is an ethnic group or a social group that shares a common and distinctive culture, religion, and/or language.",
            "$ref": "../base/StringTypeArray.json#"
        }
    }
}
