{
    "$schema": "http://schema.hropenstandards.org/4_0/common/json/meta/hros.json",
    "version": "4.1.0",
    "title": "PersonNameType",
    "description": "A component for capturing summary or fine-grain data comprising a person's name",
    "type": "object",
    "allOf": [
        { "$ref": "../base/LocalizationInclusion.json#" }
    ],
    "properties": {
        "formattedName": {
            "description": "The formatted name of a person, as it would be written out together (for example, on a mailing label).",
            "type": "string"
        },
        "legal": {
            "description": "The legal name of a person (typically used if it differs from family name).",
            "type": "string"
        },
        "given": {
            "description": "The given name of a person",
            "type": "string"
        },
        "preferred": {
            "description": "The preferred name of a person (if it differs from given name).",
            "type": "string"
        },
        "middle": {
            "description": "The middle names or initials of a person.",
            "type": "string"
        },
        "family": {
            "description": "The family name (or surname) of a person.",
            "type": "string"
        },
        "alias": {
            "description": "An alias or (or also known as) name of a person.",
            "type": "string"
        },
        "formerFamily": {
            "description": "The former family name of a person (used if the person's name was changed).",
            "type": "string"
        },
        "preferredSalutationCode": {
            "description": "The salutation used to address a person (such as Dr., Mr., Mrs.).",
            "$ref": "../base/CodeType.json#"
        },
        "generationAffixCode": {
            "description": "The generational affix attached to a person's name (such as Jr., Sr., II, III).",
            "$ref": "../base/CodeType.json#"
        },
        "qualificationAffixCode": {
            "description": "The qualifiation affix attached to a person's name (such as M.Sc., Ph.D).",
            "$ref": "../base/CodeType.json#"
        },
        "titleAffixCode": {
            "description": "The title affix attached to a person's name (such as Esq., K.B.E.).",
            "$ref": "../base/CodeType.json#"
        },
        "initials": {
            "description": "The initials of a person.",
            "type": "string"
        }
    }
}
