{
    "$schema": "http://schema.hropenstandards.org/4_0/common/json/meta/hros.json",
    "version": "4.1.0",
    "title": "CareerLevelCodeList",
    "description": "A code classifying the level of a candidate based on career experience. Student, Entry Level, Recent Graduate, Mid-Career, Manager, Experienced Non-Manager, Senior Executive",
    "enum": [
        "Student",
        "EntryLevel",
        "RecentGraduate",
        "MidCareer",
        "Manager",
        "ExperiencedNonManager",
        "SeniorExecutive"
    ]
}