{
    "$schema": "http://schema.hropenstandards.org/4_0/common/json/meta/hros.json",
    "version": "4.1.0",
    "title": "CountryCodeList",
    "description": "Two letter country codes as defined by ISO 3166-1:2013. Content referenced from Wikipedia.",
    "enum": [
        "AD",
        "AE",
        "AF",
        "AG",
        "AI",
        "AL",
        "AM",
        "AO",
        "AQ",
        "AR",
        "AS",
        "AT",
        "AU",
        "AW",
        "AX",
        "AZ",
        "BA",
        "BB",
        "BD",
        "BE",
        "BF",
        "BG",
        "BH",
        "BI",
        "BJ",
        "BL",
        "BM",
        "BN",
        "BO",
        "BR",
        "BS",
        "BT",
        "BV",
        "BW",
        "BY",
        "BZ",
        "CA",
        "CC",
        "CD",
        "CF",
        "CG",
        "CH",
        "CI",
        "CK",
        "CL",
        "CM",
        "CN",
        "CO",
        "CR",
        "CU",
        "CV",
        "CW",
        "CX",
        "CY",
        "CZ",
        "DE",
        "DJ",
        "DK",
        "DM",
        "DO",
        "DZ",
        "EC",
        "EE",
        "EG",
        "EH",
        "ER",
        "ES",
        "ET",
        "FI",
        "FJ",
        "FK",
        "FM",
        "FO",
        "FR",
        "GA",
        "GB",
        "GD",
        "GE",
        "GF",
        "GG",
        "GH",
        "GI",
        "GL",
        "GM",
        "GN",
        "GP",
        "GQ",
        "GR",
        "GS",
        "GT",
        "GU",
        "GW",
        "GY",
        "HK",
        "HM",
        "HN",
        "HR",
        "HT",
        "HU",
        "ID",
        "IE",
        "IL",
        "IM",
        "IN",
        "IO",
        "IQ",
        "IR",
        "IS",
        "IT",
        "JE",
        "JM",
        "JO",
        "JP",
        "KE",
        "KG",
        "KH",
        "KI",
        "KM",
        "KN",
        "KP",
        "KR",
        "KW",
        "KY",
        "KZ",
        "LA",
        "LB",
        "LC",
        "LI",
        "LK",
        "LR",
        "LS",
        "LT",
        "LU",
        "LV",
        "LY",
        "MA",
        "MC",
        "MD",
        "ME",
        "MF",
        "MG",
        "MH",
        "MK",
        "ML",
        "MM",
        "MN",
        "MO",
        "MP",
        "MQ",
        "MR",
        "MS",
        "MT",
        "MU",
        "MV",
        "MW",
        "MX",
        "MY",
        "MZ",
        "NA",
        "NC",
        "NE",
        "NF",
        "NG",
        "NI",
        "NL",
        "NO",
        "NP",
        "NR",
        "NU",
        "NZ",
        "OM",
        "PA",
        "PE",
        "PF",
        "PG",
        "PH",
        "PK",
        "PL",
        "PM",
        "PN",
        "PR",
        "PS",
        "PT",
        "PW",
        "PY",
        "QA",
        "RE",
        "RO",
        "RS",
        "RU",
        "RW",
        "SA",
        "SB",
        "SC",
        "SD",
        "SE",
        "SG",
        "SH",
        "SI",
        "SJ",
        "SK",
        "SL",
        "SM",
        "SN",
        "SO",
        "SR",
        "SS",
        "ST",
        "SV",
        "SX",
        "SY",
        "SZ",
        "TC",
        "TD",
        "TF",
        "TG",
        "TH",
        "TJ",
        "TK",
        "TL",
        "TM",
        "TN",
        "TO",
        "TR",
        "TT",
        "TV",
        "TW",
        "TZ",
        "UA",
        "UG",
        "UM",
        "US",
        "UY",
        "UZ",
        "VA",
        "VC",
        "VE",
        "VG",
        "VI",
        "VN",
        "VU",
        "WF",
        "WS",
        "YE",
        "YT",
        "ZA",
        "ZM",
        "ZW"
    ],
    "enumNames": [
        "ANDORRA",
        "UNITED ARAB EMIRATES",
        "AFGHANISTAN",
        "ANTIGUA AND BARBUDA",
        "ANGUILLA",
        "ALBANIA",
        "ARMENIA",
        "ANGOLA",
        "ANTARCTICA",
        "ARGENTINA",
        "AMERICAN SAMOA",
        "AUSTRIA",
        "AUSTRALIA",
        "ARUBA",
        "ÅLAND ISLANDS",
        "AZERBAIJAN",
        "BOSNIA AND HERZEGOVINA",
        "BARBADOS",
        "BANGLADESH",
        "BELGIUM",
        "BURKINA FASO",
        "BULGARIA",
        "BAHRAIN",
        "BURUNDI",
        "BENIN",
        "SAINT BARTHELEMY",
        "BERMUDA",
        "BRUNEI DARUSSALAM",
        "BOLIVIA",
        "BRAZIL",
        "BAHAMAS",
        "BHUTAN",
        "BOUVET ISLAND",
        "BOTSWANA",
        "BELARUS",
        "BELIZE",
        "CANADA",
        "COCOS (KEELING) ISLANDS",
        "CONGO, THE DEMOCRATIC REPUBLIC OF THE",
        "CENTRAL AFRICAN REPUBLIC",
        "CONGO",
        "SWITZERLAND",
        "COTE D'IVOIRE",
        "COOK ISLANDS",
        "CHILE",
        "CAMEROON",
        "CHINA",
        "COLOMBIA",
        "COSTA RICA",
        "CUBA",
        "CAPE VERDE",
        "CURACAO",
        "CHRISTMAS ISLAND",
        "CYPRUS",
        "CZECH REPUBLIC",
        "GERMANY",
        "DJIBOUTI",
        "DENMARK",
        "DOMINICA",
        "DOMINICAN REPUBLIC",
        "ALGERIA",
        "ECUADOR",
        "ESTONIA",
        "EGYPT",
        "WESTERN SAHARA",
        "ERITREA",
        "SPAIN",
        "ETHIOPIA",
        "FINLAND",
        "FIJI",
        "FALKLAND ISLANDS (MALVINAS)",
        "MICRONESIA, FEDERATED STATES OF",
        "FAROE ISLANDS",
        "FRANCE",
        "GABON",
        "UNITED KINGDOM",
        "GRENADA",
        "GEORGIA",
        "FRENCH GUIANA",
        "GUERNSEY",
        "GHANA",
        "GIBRALTAR",
        "GREENLAND",
        "GAMBIA",
        "GUINEA",
        "GUADELOUPE",
        "EQUATORIAL GUINEA",
        "GREECE",
        "SOUTH GEORGIA AND THE SOUTH SANDWICH ISLANDS",
        "GUATEMALA",
        "GUAM",
        "GUINEA-BISSAU",
        "GUYANA",
        "HONG KONG",
        "HEARD ISLAND AND MCDONALD ISLANDS",
        "HONDURAS",
        "CROATIA",
        "HAITI",
        "HUNGARY",
        "INDONESIA",
        "IRELAND",
        "ISRAEL",
        "ISLE OF MAN",
        "INDIA",
        "BRITISH INDIAN OCEAN TERRITORY",
        "IRAQ",
        "IRAN, ISLAMIC REPUBLIC OF",
        "ICELAND",
        "ITALY",
        "JERSEY",
        "JAMAICA",
        "JORDAN",
        "JAPAN",
        "KENYA",
        "KYRGYZSTAN",
        "CAMBODIA",
        "KIRIBATI",
        "COMOROS",
        "SAINT KITTS AND NEVIS",
        "KOREA, DEMOCRATIC PEOPLE'S REPUBLIC OF",
        "KOREA, REPUBLIC OF",
        "KUWAIT",
        "CAYMAN ISLANDS",
        "KAZAKHSTAN",
        "LAO PEOPLE'S DEMOCRATIC REPUBLIC",
        "LEBANON",
        "SAINT LUCIA",
        "LIECHTENSTEIN",
        "SRI LANKA",
        "LIBERIA",
        "LESOTHO",
        "LITHUANIA",
        "LUXEMBOURG",
        "LATVIA",
        "LIBYAN ARAB JAMAHIRIYA",
        "MOROCCO",
        "MONACO",
        "MOLDOVA, REPUBLIC OF",
        "MONTENEGRO",
        "SAINT MARTIN (FRENCH PART)",
        "MADAGASCAR",
        "MARSHALL ISLANDS",
        "MACEDONIA, THE FORMER YUGOSLAV REPUBLIC OF",
        "MALI",
        "MYANMAR",
        "MONGOLIA",
        "MACAO",
        "NORTHERN MARIANA ISLANDS",
        "MARTINIQUE",
        "MAURITANIA",
        "MONTSERRAT",
        "MALTA",
        "MAURITIUS",
        "MALDIVES",
        "MALAWI",
        "MEXICO",
        "MALAYSIA",
        "MOZAMBIQUE",
        "NAMIBIA",
        "NEW CALEDONIA",
        "NIGER",
        "NORFOLK ISLAND",
        "NIGERIA",
        "NICARAGUA",
        "NETHERLANDS",
        "NORWAY",
        "NEPAL",
        "NAURU",
        "NIUE",
        "NEW ZEALAND",
        "OMAN",
        "PANAMA",
        "PERU",
        "FRENCH POLYNESIA",
        "PAPUA NEW GUINEA",
        "PHILIPPINES",
        "PAKISTAN",
        "POLAND",
        "SAINT PIERRE AND MIQUELON",
        "PITCAIRN",
        "PUERTO RICO",
        "PALESTINIAN TERRITORY, OCCUPIED",
        "PORTUGAL",
        "PALAU",
        "PARAGUAY",
        "QATAR",
        "REUNION",
        "ROMANIA",
        "SERBIA",
        "RUSSIAN FEDERATION",
        "RWANDA",
        "SAUDI ARABIA",
        "SOLOMON ISLANDS",
        "SEYCHELLES",
        "SUDAN",
        "SWEDEN",
        "SINGAPORE",
        "SAINT HELENA",
        "SLOVENIA",
        "SVALBARD AND JAN MAYEN",
        "SLOVAKIA",
        "SIERRA LEONE",
        "SAN MARINO",
        "SENEGAL",
        "SOMALIA",
        "SURINAME",
        "SOUTH SUDAN",
        "SAO TOME AND PRINCIPE",
        "EL SALVADOR",
        "SINT MAARTEN (DUTCH PART)",
        "SYRIAN ARAB REPUBLIC",
        "SWAZILAND",
        "TURKS AND CAICOS ISLANDS",
        "CHAD",
        "FRENCH SOUTHERN TERRITORIES",
        "TOGO",
        "THAILAND",
        "TAJIKISTAN",
        "TOKELAU",
        "TIMOR-LESTE",
        "TURKMENISTAN",
        "TUNISIA",
        "TONGA",
        "TURKEY",
        "TRINIDAD AND TOBAGO",
        "TUVALU",
        "TAIWAN, PROVINCE OF CHINA",
        "TANZANIA, UNITED REPUBLIC OF",
        "UKRAINE",
        "UGANDA",
        "UNITED STATES MINOR OUTLYING ISLANDS",
        "UNITED STATES",
        "URUGUAY",
        "UZBEKISTAN",
        "HOLY SEE (VATICAN CITY STATE)",
        "SAINT VINCENT AND THE GRENADINES",
        "VENEZUELA",
        "VIRGIN ISLANDS, BRITISH",
        "VIRGIN ISLANDS, U.S.",
        "VIET NAM",
        "VANUATU",
        "WALLIS AND FUTUNA",
        "SAMOA",
        "YEMEN",
        "MAYOTTE",
        "SOUTH AFRICA",
        "ZAMBIA",
        "ZIMBABWE"
    ],
    "links": [
        {
            "href": "https://en.wikipedia.org/wiki/ISO_3166-1"
        }
    ]
}
