{
    "$schema": "http://schema.hropenstandards.org/4_0/common/json/meta/hros.json",
    "version": "4.1.0",
    "title": "CurrencyCodeList",
    "description": "ISO 4217 is the International Standard for currency codes. The most recent edition is ISO 4217:2015.",
    "enum": [
        "AED",
        "AFN",
        "ALL",
        "AMD",
        "ANG",
        "AOA",
        "ARS",
        "AUD",
        "AWG",
        "AZN",
        "BAM",
        "BBD",
        "BDT",
        "BGN",
        "BHD",
        "BIF",
        "BMD",
        "BND",
        "BOB",
        "BOV",
        "BRL",
        "BSD",
        "BTN",
        "BWP",
        "BYR",
        "BZD",
        "CAD",
        "CDF",
        "CHE",
        "CHF",
        "CHW",
        "CLF",
        "CLP",
        "CNY",
        "COP",
        "COU",
        "CRC",
        "CUC",
        "CUP",
        "CVE",
        "CZK",
        "DJF",
        "DKK",
        "DOP",
        "DZD",
        "EGP",
        "ERN",
        "ETB",
        "EUR",
        "FJD",
        "FKP",
        "GBP",
        "GEL",
        "GHS",
        "GIP",
        "GMD",
        "GNF",
        "GTQ",
        "GYD",
        "HKD",
        "HNL",
        "HRK",
        "HTG",
        "HUF",
        "IDR",
        "ILS",
        "INR",
        "IQD",
        "IRR",
        "ISK",
        "JMD",
        "JOD",
        "JPY",
        "KES",
        "KGS",
        "KHR",
        "KMF",
        "KPW",
        "KRW",
        "KWD",
        "KYD",
        "KZT",
        "LAK",
        "LBP",
        "LKR",
        "LRD",
        "LSL",
        "LYD",
        "MAD",
        "MDL",
        "MGA",
        "MKD",
        "MMK",
        "MNT",
        "MOP",
        "MRU",
        "MUR",
        "MVR",
        "MWK",
        "MXN",
        "MXV",
        "MYR",
        "MZN",
        "NAD",
        "NGN",
        "NIO",
        "NOK",
        "NPR",
        "NZD",
        "OMR",
        "PAB",
        "PEN",
        "PGK",
        "PHP",
        "PKR",
        "PLN",
        "PYG",
        "QAR",
        "RON",
        "RSD",
        "RUB",
        "RWF",
        "SAR",
        "SBD",
        "SCR",
        "SDG",
        "SEK",
        "SGD",
        "SHP",
        "SLL",
        "SOS",
        "SRD",
        "SSP",
        "STN",
        "SVC",
        "SYP",
        "SZL",
        "THB",
        "TJS",
        "TMT",
        "TND",
        "TOP",
        "TRY",
        "TTD",
        "TWD",
        "TZS",
        "UAH",
        "UGX",
        "USD",
        "USN",
        "UYI",
        "UYU",
        "UZS",
        "VEF",
        "VND",
        "VUV",
        "WST",
        "XAF",
        "XAG",
        "XAU",
        "XBA",
        "XBB",
        "XBC",
        "XBD",
        "XCD",
        "XDR",
        "XOF",
        "XPD",
        "XPF",
        "XPT",
        "XSU",
        "XTS",
        "XUA",
        "XXX",
        "YER",
        "ZAR",
        "ZMW",
        "ZWL"
    ],
    "enumNames": [
        "UAE Dirham",
        "Afghani",
        "Lek",
        "Armenian Dram",
        "Netherlands Antillean Guilder",
        "Kwanza",
        "Argentine Peso",
        "Australian Dollar",
        "Aruban Florin",
        "Azerbaijanian Manat",
        "Convertible Mark",
        "Barbados Dollar",
        "Taka",
        "Bulgarian Lev",
        "Bahraini Dinar",
        "Burundi Franc",
        "Bermudian Dollar",
        "Brunei Dollar",
        "Boliviano",
        "Mvdol",
        "Brazilian Real",
        "Bahamian Dollar",
        "Ngultrum",
        "Pula",
        "Belarussian Ruble",
        "Belize Dollar",
        "Canadian Dollar",
        "Congolese Franc",
        "WIR Euro",
        "Swiss Franc",
        "WIR Franc",
        "Unidades de fomento",
        "Chilean Peso",
        "Yuan Renminbi",
        "Colombian Peso",
        "Unidad de Valor Real",
        "Costa Rican Colon",
        "Peso Convertible",
        "Cuban Peso",
        "Cape Verde Escudo",
        "Czech Koruna",
        "Djibouti Franc",
        "Danish Krone",
        "Dominican Peso",
        "Algerian Dinar",
        "Egyptian Pound",
        "Nakfa",
        "Ethiopian Birr",
        "Euro",
        "Fiji Dollar",
        "Falkland Islands Pound",
        "Pound Sterling",
        "Lari",
        "Ghana Cedi",
        "Gibraltar Pound",
        "Dalasi",
        "Guinea Franc",
        "Quetzal",
        "Guyana Dollar",
        "Hong Kong Dollar",
        "Lempira",
        "Croatian Kuna",
        "Gourde",
        "Forint",
        "Rupiah",
        "New Israeli Sheqel",
        "Indian Rupee",
        "Iraqi Dinar",
        "Iranian Rial",
        "Iceland Krona",
        "Jamaican Dollar",
        "Jordanian Dinar",
        "Yen",
        "Kenyan Shilling",
        "Som",
        "Riel",
        "Comoro Franc",
        "North Korean Won",
        "Won",
        "Kuwaiti Dinar",
        "Cayman Islands Dollar",
        "Tenge",
        "Kip",
        "Lebanese Pound",
        "Sri Lanka Rupee",
        "Liberian Dollar",
        "Loti",
        "Libyan Dinar",
        "Moroccan Dirham",
        "Moldovan Leu",
        "Malagasy Ariary",
        "Denar",
        "Kyat",
        "Tugrik",
        "Pataca",
        "Ouguiya",
        "Mauritius Rupee",
        "Rufiyaa",
        "Kwacha",
        "Mexican Peso",
        "Mexican Unidad de Inversion (UDI)",
        "Malaysian Ringgit",
        "Mozambique Metical",
        "Namibia Dollar",
        "Naira",
        "Cordoba Oro",
        "Norwegian Krone",
        "Nepalese Rupee",
        "New Zealand Dollar",
        "Rial Omani",
        "Balboa",
        "Nuevo Sol",
        "Kina",
        "Philippine Peso",
        "Pakistan Rupee",
        "Zloty",
        "Guarani",
        "Qatari Rial",
        "New Romanian Leu",
        "Serbian Dinar",
        "Russian Ruble",
        "Rwanda Franc",
        "Saudi Riyal",
        "Solomon Islands Dollar",
        "Seychelles Rupee",
        "Sudanese Pound",
        "Swedish Krona",
        "Singapore Dollar",
        "Saint Helena Pound",
        "Leone",
        "Somali Shilling",
        "Surinam Dollar",
        "South Sudanese Pound",
        "Dobra",
        "El Salvador Colon",
        "Syrian Pound",
        "Lilangeni",
        "Baht",
        "Somoni",
        "Turkmenistan New Manat",
        "Tunisian Dinar",
        "Pa’anga",
        "Turkish Lira",
        "Trinidad and Tobago Dollar",
        "New Taiwan Dollar",
        "Tanzanian Shilling",
        "Hryvnia",
        "Uganda Shilling",
        "US Dollar",
        "US Dollar (Next day)",
        "Uruguay Peso en Unidades Indexadas (URUIURUI)",
        "Peso Uruguayo",
        "Uzbekistan Sum",
        "Bolivar",
        "Dong",
        "Vatu",
        "Tala",
        "CFA Franc BEAC",
        "Silver",
        "Gold",
        "Bond Markets Unit European Composite Unit (EURCO)",
        "Bond Markets Unit European Monetary Unit (E.M.U.-6)",
        "Bond Markets Unit European Unit of Account 9 (E.U.A.-9)",
        "Bond Markets Unit European Unit of Account 17 (E.U.A.-17)",
        "East Caribbean Dollar",
        "SDR (Special Drawing Right)",
        "CFA Franc BCEAO",
        "Palladium",
        "CFP Franc",
        "Platinum",
        "Sucre",
        "Codes specifically reserved for testing purposes",
        "ADB Unit of Account",
        "The codes assigned for transactions where no currency is involved",
        "Yemeni Rial",
        "Rand",
        "Zambian Kwacha",
        "Zimbabwe Dollar"
    ],
    "links": [
        {
            "href": "https://www.iso.org/iso-4217-currency-codes.html"
        }
    ]
}
