{
    "$schema": "http://schema.hropenstandards.org/4_0/common/json/meta/hros.json",
    "version": "4.1.0",
    "title": "IscedCodeList",
    "description": "The International Standard Classification of Education (ISCED) is a scheme developed by the UN to provide a normalized, international set of values for classifying the level of a school or institution. Version from year 2011.",
    "enum": [
        "0",
        "1",
        "2",
        "3",
        "4",
        "5",
        "6",
        "7",
        "8"
    ],
    "enumNames": [
        "Early childhood education",
        "Primary education",
        "Lower secondary education",
        "Upper secondary education",
        "Post-secondary non-tertiary education",
        "Short-cycle tertiary education",
        "Bachelor or equivalent",
        "Master or equivalent",
        "Doctoral or equivalent"
    ],
    "links": [
        {
            "href": "http://www.uis.unesco.org/Education/Documents/isced-2011-operational-manual.pdf",
            "rel": "full",
            "mediaType": "application/pdf"
        }
    ]
}