{
    "$schema": "http://schema.hropenstandards.org/4_0/common/json/meta/hros.json",
    "version": "4.1.0",
    "title": "LanguageCodeList",
    "description": "This list is based on Internet Engineering Task Force (IETF) RFCs 4646 and RFC 4647 for language tags. This tag system is extensible to region, dialect, and private designations. The IANA Language Subtag Registry is a source of the tag values. See http://www.iana.org/assignments/language-subtag-registry",
    "enum": [
        "aa",
        "ab",
        "ae",
        "af",
        "af-ZA",
        "ak",
        "am",
        "am-ET",
        "an",
        "ar",
        "ar-AE",
        "ar-BH",
        "ar-DZ",
        "ar-EG",
        "ar-IQ",
        "ar-JO",
        "ar-KW",
        "ar-LB",
        "ar-LY",
        "ar-MA",
        "ar-OM",
        "ar-QA",
        "ar-SA",
        "ar-SY",
        "ar-TN",
        "ar-YE",
        "arn",
        "arn-CL",
        "as",
        "as-IN",
        "av",
        "ay",
        "az",
        "az-Cyrl",
        "az-Cyrl-AZ",
        "az-Latn",
        "az-Latn-AZ",
        "ba",
        "ba-RU",
        "be",
        "be-BY",
        "bg",
        "bg-BG",
        "bh",
        "bi",
        "bm",
        "bn",
        "bn-BD",
        "bn-IN",
        "bo",
        "bo-CN",
        "br",
        "br-FR",
        "bs",
        "bs, hr, or sr",
        "bs-Cyrl",
        "bs-Cyrl-BA",
        "bs-Latn",
        "bs-Latn-BA",
        "ca",
        "ca-ES",
        "ca-ES-valencia",
        "ce",
        "ch",
        "chr",
        "chr-Cher",
        "chr-Cher-US",
        "co",
        "co-FR",
        "cr",
        "cs",
        "cs-CZ",
        "cu",
        "cv",
        "cy",
        "cy-GB",
        "da",
        "da-DK",
        "de",
        "de-AT",
        "de-CH",
        "de-DE",
        "de-LI",
        "de-LU",
        "dsb or hsb",
        "dsb",
        "dsb-DE",
        "dv",
        "dv-MV",
        "dz",
        "ee",
        "el",
        "el-GR",
        "en",
        "en-029",
        "en-AU",
        "en-BZ",
        "en-CA",
        "en-GB",
        "en-HK",
        "en-IE",
        "en-IN",
        "en-JM",
        "en-MY",
        "en-NZ",
        "en-PH",
        "en-SG",
        "en-TT",
        "en-US",
        "en-ZA",
        "en-ZW",
        "eo",
        "es",
        "es-419",
        "es-AR",
        "es-BO",
        "es-CL",
        "es-CO",
        "es-CR",
        "es-DO",
        "es-EC",
        "es-ES",
        "es-ES_tradnl",
        "es-GT",
        "es-HN",
        "es-MX",
        "es-NI",
        "es-PA",
        "es-PE",
        "es-PR",
        "es-PY",
        "es-SV",
        "es-US",
        "es-UY",
        "es-VE",
        "et",
        "et-EE",
        "eu",
        "eu-ES",
        "fa",
        "fa-IR",
        "ff",
        "ff-Latn",
        "ff-Latn-SN",
        "fi",
        "fi-FI",
        "fil",
        "fil-PH",
        "fj",
        "fo",
        "fo-FO",
        "fr",
        "fr-BE",
        "fr-CA",
        "fr-CD",
        "fr-CH",
        "fr-CI",
        "fr-CM",
        "fr-FR",
        "fr-HT",
        "fr-LU",
        "fr-MA",
        "fr-MC",
        "fr-ML",
        "fr-RE",
        "fr-SN",
        "fy",
        "fy-NL",
        "ga",
        "ga-IE",
        "gd",
        "gd-GB",
        "gl",
        "gl-ES",
        "gn",
        "gn-PY",
        "gsw",
        "gsw-FR",
        "gu",
        "gu-IN",
        "gv",
        "ha",
        "ha-Latn",
        "ha-Latn-NG",
        "haw",
        "haw-US",
        "he",
        "he-IL",
        "hi",
        "hi-IN",
        "ho",
        "hr",
        "hr-BA",
        "hr-HR",
        "hsb-DE",
        "ht",
        "hu",
        "hu-HU",
        "hy",
        "hy-AM",
        "hz",
        "ia",
        "id",
        "id-ID",
        "ie",
        "ig",
        "ig-NG",
        "ii",
        "ii-CN",
        "ik",
        "io",
        "is",
        "is-IS",
        "it",
        "it-CH",
        "it-IT",
        "iu",
        "iu-Cans",
        "iu-Cans-CA",
        "iu-Latn",
        "iu-Latn-CA",
        "ja",
        "ja-JP",
        "jv",
        "jv-Latn",
        "jv-Latn-ID",
        "ka",
        "ka-GE",
        "kg",
        "ki",
        "kj",
        "kk",
        "kk-KZ",
        "kl",
        "kl-GL",
        "km",
        "km-KH",
        "kn",
        "kn-IN",
        "ko",
        "kok",
        "kok-IN",
        "ko-KR",
        "kr",
        "ks",
        "ku",
        "ku-Arab",
        "ku-Arab-IQ",
        "kv",
        "kw",
        "ky",
        "ky-KG",
        "la",
        "lb",
        "lb-LU",
        "lg",
        "li",
        "ln",
        "lo",
        "lo-LA",
        "lt",
        "lt-LT",
        "lu",
        "lv",
        "lv-LV",
        "mg",
        "mg-MG",
        "mh",
        "mi",
        "mi-NZ",
        "mk",
        "mk-MK",
        "ml",
        "ml-IN",
        "mn",
        "mn-Cyrl",
        "mn-MN",
        "mn-Mong",
        "mn-Mong-CN",
        "mo",
        "moh",
        "moh-CA",
        "mr",
        "mr-IN",
        "ms",
        "ms-BN",
        "ms-MY",
        "mt",
        "mt-MT",
        "my",
        "my-MM",
        "na",
        "nb",
        "nb-NO",
        "nd",
        "ne",
        "ne-IN",
        "ne-NP",
        "ng",
        "nl",
        "nl-BE",
        "nl-NL",
        "nn",
        "nn-NO",
        "no",
        "nqo",
        "nqo-GN",
        "nr",
        "nso",
        "nso-ZA",
        "nv",
        "ny",
        "oc",
        "oc-FR",
        "oj",
        "om",
        "om-ET",
        "or",
        "or-IN",
        "os",
        "pa",
        "pa-Arab",
        "pa-Arab-PK",
        "pa-IN",
        "pi",
        "pl",
        "pl-PL",
        "prs",
        "prs-AF",
        "ps",
        "ps-AF",
        "pt",
        "pt-AO",
        "pt-BR",
        "pt-PT",
        "qu",
        "qut",
        "qut-GT",
        "quz",
        "quz-BO",
        "quz-EC",
        "quz-PE",
        "rm",
        "rm-CH",
        "rn",
        "ro",
        "ro-MD",
        "ro-RO",
        "ru",
        "ru-RU",
        "rw",
        "rw-RW",
        "sa",
        "sah",
        "sah-RU",
        "sa-IN",
        "sc",
        "sd",
        "sd-Arab",
        "sd-Arab-PK",
        "se",
        "se-FI",
        "se-NO",
        "se-SE",
        "sg",
        "si",
        "si-LK",
        "sk",
        "sk-SK",
        "sl",
        "sl-SI",
        "sm",
        "sma",
        "sma-NO",
        "sma-SE",
        "smj",
        "smj-NO",
        "smj-SE",
        "smn",
        "smn-FI",
        "sms",
        "sms-FI",
        "sn",
        "sn-Latn",
        "sn-Latn-ZW",
        "so",
        "so-SO",
        "sq",
        "sq-AL",
        "sr",
        "sr-Cyrl",
        "sr-Cyrl-BA",
        "sr-Cyrl-CS",
        "sr-Cyrl-ME",
        "sr-Cyrl-RS",
        "sr-Latn",
        "sr-Latn-BA",
        "sr-Latn-CS",
        "sr-Latn-ME",
        "sr-Latn-RS",
        "ss",
        "st",
        "st-ZA",
        "su",
        "sv",
        "sv-FI",
        "sv-SE",
        "sw",
        "sw-KE",
        "syr",
        "syr-SY",
        "ta",
        "ta-IN",
        "ta-LK",
        "te",
        "te-IN",
        "tg",
        "tg-Cyrl",
        "tg-Cyrl-TJ",
        "th",
        "th-TH",
        "ti",
        "ti-ER",
        "ti-ET",
        "tk",
        "tk-TM",
        "tl",
        "tn",
        "tn-BW",
        "tn-ZA",
        "to",
        "tr",
        "tr-TR",
        "ts",
        "ts-ZA",
        "tt",
        "tt-RU",
        "tw",
        "ty",
        "tzm",
        "tzm-Latn",
        "tzm-Latn-DZ",
        "ug",
        "ug-CN",
        "uk",
        "uk-UA",
        "ur",
        "ur-IN",
        "ur-PK",
        "uz",
        "uz-Cyrl",
        "uz-Cyrl-UZ",
        "uz-Latn",
        "uz-Latn-UZ",
        "ve",
        "vi",
        "vi-VN",
        "vo",
        "wa",
        "wo",
        "wo-SN",
        "xh",
        "xh-ZA",
        "yi",
        "yo",
        "yo-NG",
        "za",
        "zgh",
        "zgh-Tfng",
        "zgh-Tfng-MA",
        "zh",
        "zh-CN",
        "zh-Hans",
        "zh-Hant",
        "zh-HK",
        "zh-MO",
        "zh-SG",
        "zh-TW",
        "zu",
        "zu-ZA"
    ],
    "enumNames": [
        "Afar",
        "Abkhazian",
        "Avestan",
        "Afrikaans",
        "Afrikaans, South Africa",
        "Akan",
        "Amharic",
        "Amharic, Ethiopia",
        "Aragonese",
        "Arabic",
        "Arabic, U.A.E.",
        "Arabic, Bahrain",
        "Arabic, Algeria",
        "Arabic, Egypt",
        "Arabic, Iraq",
        "Arabic, Jordan",
        "Arabic, Kuwait",
        "Arabic, Lebanon",
        "Arabic, Libya",
        "Arabic, Morocco",
        "Arabic, Oman",
        "Arabic, Qatar",
        "Arabic, Saudi Arabia",
        "Arabic, Syria",
        "Arabic, Tunisia",
        "Arabic, Yemen",
        "Mapudungun",
        "Mapudungun, Chile",
        "Assamese",
        "Assamese, India",
        "Avaric",
        "Aymara",
        "Azerbaijani (Latin)",
        "Azerbaijani (Cyrillic)",
        "Azerbaijani (Cyrillic), Azerbaijan",
        "Azerbaijani (Latin)",
        "Azerbaijani (Latin), Azerbaijan",
        "Bashkir",
        "Bashkir, Russia",
        "Belarusian",
        "Belarusian, Belarus",
        "Bulgarian",
        "Bulgarian, Bulgaria",
        "Bihari languages",
        "Bislama",
        "Bambara",
        "Bangla",
        "Bangla, Bangladesh",
        "Bangla, India",
        "Tibetan",
        "Tibetan, People's Republic of China",
        "Breton",
        "Breton, France",
        "Bosnian (Latin)",
        "Croatian",
        "Bosnian (Cyrillic)",
        "Bosnian (Cyrillic), Bosnia and Herzegovina",
        "Bosnian (Latin)",
        "Bosnian (Latin), Bosnia and Herzegovina",
        "Catalan",
        "Catalan, Spain",
        "Valencian, Spain",
        "Chechen",
        "Chamorro",
        "Cherokee",
        "Cherokee",
        "Cherokee, United States",
        "Corsican",
        "Corsican, France",
        "Cree",
        "Czech",
        "Czech, Czech Republic",
        "Church Slavic; Old Slavonic; Church Slavonic; Old Bulgarian; Old Church Slavonic",
        "Chuvash",
        "Welsh",
        "Welsh, United Kingdom",
        "Danish",
        "Danish, Denmark",
        "German",
        "German, Austria",
        "German, Switzerland",
        "German, Germany",
        "German, Liechtenstein",
        "German, Luxembourg",
        "Upper Sorbian",
        "Lower Sorbian",
        "Lower Sorbian, Germany",
        "Divehi",
        "Divehi, Maldives",
        "Dzongkha",
        "Ewe",
        "Greek",
        "Greek, Greece",
        "English",
        "English, Caribbean",
        "English, Australia",
        "English, Belize",
        "English, Canada",
        "English, United Kingdom",
        "English, Hong Kong",
        "English, Ireland",
        "English, India",
        "English, Jamaica",
        "English, Malaysia",
        "English, New Zealand",
        "English, Republic of the Philippines",
        "English, Singapore",
        "English, Trinidad and Tobago",
        "English, United States",
        "English, South Africa",
        "English, Zimbabwe",
        "Esperanto",
        "Spanish",
        "Spanish, Latin America",
        "Spanish, Argentina",
        "Spanish, Bolivia",
        "Spanish, Chile",
        "Spanish, Colombia",
        "Spanish, Costa Rica",
        "Spanish, Dominican Republic",
        "Spanish, Ecuador",
        "Spanish, Spain",
        "Spanish, Spain",
        "Spanish, Guatemala",
        "Spanish, Honduras",
        "Spanish, Mexico",
        "Spanish, Nicaragua",
        "Spanish, Panama",
        "Spanish, Peru",
        "Spanish, Puerto Rico",
        "Spanish, Paraguay",
        "Spanish, El Salvador",
        "Spanish, United States",
        "Spanish, Uruguay",
        "Spanish, Bolivarian Republic of Venezuela",
        "Estonian",
        "Estonian, Estonia",
        "Basque",
        "Basque, Spain",
        "Persian",
        "Persian, Iran",
        "Fulah",
        "Fulah",
        "Fulah, Senegal",
        "Finnish",
        "Finnish, Finland",
        "Filipino",
        "Filipino, Philippines",
        "Fijian",
        "Faroese",
        "Faroese, Faroe Islands",
        "French",
        "French, Belgium",
        "French, Canada",
        "French, Congo, DRC",
        "French, Switzerland",
        "French, Côte d’Ivoire",
        "French, Cameroon",
        "French, France",
        "French, Haiti",
        "French, Luxembourg",
        "French, Morocco",
        "French, Principality of Monaco",
        "French, Mali",
        "French, Reunion",
        "French, Senegal",
        "Frisian",
        "Frisian, Netherlands",
        "Irish",
        "Irish, Ireland",
        "Scottish Gaelic",
        "Scottish Gaelic, United Kingdom",
        "Galician",
        "Galician, Spain",
        "Guarani",
        "Guarani, Paraguay",
        "Alsatian",
        "Alsatian, France",
        "Gujarati",
        "Gujarati, India",
        "Manx",
        "Hausa (Latin)",
        "Hausa (Latin)",
        "Hausa (Latin), Nigeria",
        "Hawaiian",
        "Hawaiian, United States",
        "Hebrew",
        "Hebrew, Israel",
        "Hindi",
        "Hindi, India",
        "Hiri Motu",
        "Croatian",
        "Croatian (Latin), Bosnia and Herzegovina",
        "Croatian, Croatia",
        "Upper Sorbian, Germany",
        "Haitian; Haitian Creole",
        "Hungarian",
        "Hungarian, Hungary",
        "Armenian",
        "Armenian, Armenia",
        "Herero",
        "Interlingua (International Auxiliary Language Association)",
        "Indonesian",
        "Indonesian, Indonesia",
        "Interlingue; Occidental",
        "Igbo",
        "Igbo, Nigeria",
        "Yi",
        "Yi, People's Republic of China",
        "Inupiaq",
        "Ido",
        "Icelandic",
        "Icelandic, Iceland",
        "Italian",
        "Italian, Switzerland",
        "Italian, Italy",
        "Inuktitut (Latin)",
        "Inuktitut (Syllabics)",
        "Inuktitut (Syllabics), Canada",
        "Inuktitut (Latin)",
        "Inuktitut (Latin), Canada",
        "Japanese",
        "Japanese, Japan",
        "Javanese",
        "Javanese, Latin",
        "Javanese, Latin, Indonesia",
        "Georgian",
        "Georgian, Georgia",
        "Kongo",
        "Kikuyu; Gikuyu",
        "Kuanyama; Kwanyama",
        "Kazakh",
        "Kazakh, Kazakhstan",
        "Greenlandic",
        "Greenlandic, Greenland",
        "Khmer",
        "Khmer, Cambodia",
        "Kannada",
        "Kannada, India",
        "Korean",
        "Konkani",
        "Konkani, India",
        "Korean, Korea",
        "Kanuri",
        "Kashmiri",
        "Central Kurdish",
        "Central Kurdish",
        "Central Kurdish, Iraq",
        "Komi",
        "Cornish",
        "Kyrgyz",
        "Kyrgyz, Kyrgyzstan",
        "Latin",
        "Luxembourgish",
        "Luxembourgish, Luxembourg",
        "Ganda",
        "Limburgan; Limburger; Limburgish",
        "Lingala",
        "Lao",
        "Lao, Lao P.D.R.",
        "Lithuanian",
        "Lithuanian, Lithuania",
        "Luba-Katanga",
        "Latvian",
        "Latvian, Latvia",
        "Malagasy",
        "Malagasy, Madagascar",
        "Marshallese",
        "Maori",
        "Maori, New Zealand",
        "Macedonian",
        "Macedonian, Macedonia (Former Yugoslav Republic of Macedonia)",
        "Malayalam",
        "Malayalam, India",
        "Mongolian (Cyrillic)",
        "Mongolian (Cyrillic)",
        "Mongolian (Cyrillic), Mongolia",
        "Mongolian (Traditional Mongolian)",
        "Mongolian (Traditional Mongolian), People's Republic of China",
        "Moldavian; Moldovan",
        "Mohawk",
        "Mohawk, Canada",
        "Marathi",
        "Marathi, India",
        "Malay",
        "Malay, Brunei Darussalam",
        "Malay, Malaysia",
        "Maltese",
        "Maltese, Malta",
        "Burmese",
        "Burmese, Myanmar",
        "Nauru",
        "Norwegian (Bokmal)",
        "Norwegian (Bokmal), Norway",
        "Ndebele; North; North Ndebele",
        "Nepali",
        "Nepali, India",
        "Nepali, Nepal",
        "Ndonga",
        "Dutch",
        "Dutch, Belgium",
        "Dutch, Netherlands",
        "Norwegian (Nynorsk)",
        "Norwegian (Nynorsk), Norway",
        "Norwegian (Bokmal)",
        "N’ko",
        "N’ko, Guinea",
        "Ndebele; South; South Ndebele",
        "Sesotho sa Leboa",
        "Sesotho sa Leboa, South Africa",
        "Navajo; Navaho",
        "Chichewa; Chewa; Nyanja",
        "Occitan",
        "Occitan, France",
        "Ojibwa",
        "Oromo",
        "Oromo, Ethiopia",
        "Odia",
        "Odia, India",
        "Ossetian; Ossetic",
        "Punjabi",
        "Punjabi",
        "Punjabi, Islamic Republic of Pakistan",
        "Punjabi, India",
        "Pali",
        "Polish",
        "Polish, Poland",
        "Dari",
        "Dari, Afghanistan",
        "Pashto",
        "Pashto, Afghanistan",
        "Portuguese",
        "Portuguese, Angola",
        "Portuguese, Brazil",
        "Portuguese, Portugal",
        "Quechua",
        "K'iche",
        "K'iche, Guatemala",
        "Quechua",
        "Quechua, Bolivia",
        "Quechua, Ecuador",
        "Quechua, Peru",
        "Romansh",
        "Romansh, Switzerland",
        "Rundi",
        "Romanian",
        "Romanian, Moldova",
        "Romanian, Romania",
        "Russian",
        "Russian, Russia",
        "Kinyarwanda",
        "Kinyarwanda, Rwanda",
        "Sanskrit",
        "Sakha",
        "Sakha, Russia",
        "Sanskrit, India",
        "Sardinian",
        "Sindhi",
        "Sindhi",
        "Sindhi, Islamic Republic of Pakistan",
        "Sami (Northern)",
        "Sami (Northern), Finland",
        "Sami (Northern), Norway",
        "Sami (Northern), Sweden",
        "Sango",
        "Sinhala",
        "Sinhala, Sri Lanka",
        "Slovak",
        "Slovak, Slovakia",
        "Slovenian",
        "Slovenian, Slovenia",
        "Samoan",
        "Sami (Southern)",
        "Sami (Southern), Norway",
        "Sami (Southern), Sweden",
        "Sami (Lule)",
        "Sami (Lule), Norway",
        "Sami (Lule), Sweden",
        "Sami (Inari)",
        "Sami (Inari), Finland",
        "Sami (Skolt)",
        "Sami (Skolt), Finland",
        "Shona",
        "Shona, Latin",
        "Shona, Zimbabwe",
        "Somali",
        "Somali, Somalia",
        "Albanian",
        "Albanian, Albania",
        "Serbian (Latin)",
        "Serbian (Cyrillic)",
        "Serbian (Cyrillic), Bosnia and Herzegovina",
        "Serbian (Cyrillic), Serbia and Montenegro (Former)",
        "Serbian (Cyrillic), Montenegro",
        "Serbian (Cyrillic), Serbia",
        "Serbian (Latin)",
        "Serbian (Latin), Bosnia and Herzegovina",
        "Serbian (Latin), Serbia and Montenegro (Former)",
        "Serbian (Latin), Montenegro",
        "Serbian (Latin), Serbia",
        "Swati",
        "Sotho",
        "Sotho, South Africa",
        "Sundanese",
        "Swedish",
        "Swedish, Finland",
        "Swedish, Sweden",
        "Kiswahili",
        "Kiswahili, Kenya",
        "Syriac",
        "Syriac, Syria",
        "Tamil",
        "Tamil, India",
        "Tamil, Sri Lanka",
        "Telugu",
        "Telugu, India",
        "Tajik (Cyrillic)",
        "Tajik (Cyrillic)",
        "Tajik (Cyrillic), Tajikistan",
        "Thai",
        "Thai, Thailand",
        "Tigrinya",
        "Tigrinya, Eritrea",
        "Tigrinya, Ethiopia",
        "Turkmen",
        "Turkmen, Turkmenistan",
        "Tagalog",
        "Setswana",
        "Setswana, Botswana",
        "Setswana, South Africa",
        "Tonga (Tonga Islands)",
        "Turkish",
        "Turkish, Turkey",
        "Tsonga",
        "Tsonga, South Africa",
        "Tatar",
        "Tatar, Russia",
        "Twi",
        "Tahitian",
        "Tamazight (Latin)",
        "Tamazight (Latin)",
        "Tamazight (Latin), Algeria",
        "Uyghur",
        "Uyghur, People's Republic of China",
        "Ukrainian",
        "Ukrainian, Ukraine",
        "Urdu",
        "Urdu, India",
        "Urdu, Islamic Republic of Pakistan",
        "Uzbek (Latin)",
        "Uzbek (Cyrillic)",
        "Uzbek (Cyrillic), Uzbekistan",
        "Uzbek (Latin)",
        "Uzbek (Latin), Uzbekistan",
        "Venda",
        "Vietnamese",
        "Vietnamese, Vietnam",
        "Volapük",
        "Walloon",
        "Wolof",
        "Wolof, Senegal",
        "isiXhosa",
        "isiXhosa, South Africa",
        "Yiddish",
        "Yoruba",
        "Yoruba, Nigeria",
        "Zhuang; Chuang",
        "Standard Moroccan Tamazight",
        "Standard Moroccan Tamazight, Tifinagh",
        "Standard Moroccan Tamazight, Morocco",
        "Chinese (Simplified)",
        "Chinese (Simplified), People's Republic of China",
        "Chinese (Simplified)",
        "Chinese (Traditional)",
        "Chinese (Traditional), Hong Kong S.A.R.",
        "Chinese (Traditional), Macao S.A.R.",
        "Chinese (Simplified), Singapore",
        "Chinese (Traditional), Taiwan",
        "isiZulu",
        "isiZulu, South Africa"
    ],
    "links": [
        {
            "href": "http://www.unece.org/uncefact/codelist/standard/ISO_ISO2AlphaLanguageCode_2006-10-27.xsd",
            "rel": "partial",
            "mediaType": "application/xml"
        },
        {
            "href": "https://msdn.microsoft.com/en-us/library/a9eac961-e77d-41a6-90a5-ce1a8b0cdb9c#id1",
            "rel": "partial",
            "mediaType": "text/html"
        }
    ]
}