{
    "$schema": "http://schema.hropenstandards.org/4_0/common/json/meta/hros.json",
    "version": "4.1.0",
    "title": "ObjectiveActionCodeList",
    "description": "A code classifying an action to be taken with respect to achieving an objective. This may be used in the definition or specification of an objective or objective plan.",
    "enum": [
        "Increase",
        "Decrease",
        "MaintainAt",
        "MaintainAbove",
        "Reach",
        "MaintainBelow"
    ]
}
