{
    "$schema": "http://schema.hropenstandards.org/4_0/common/json/meta/hros.json",
    "version": "4.1.0",
    "title": "PayCycleIntervalCodeList",
    "description": "PayCycleInterval specifies how often the pay cycle occurs or, in other words, how often a person is paid, e.g., weekly, biweekly, etc. This is a different concept than an interval used in expressing a rate of pay.",
    "enum": [
        "Day",
        "Week",
        "TwoWeeks",
        "HalfMonth",
        "Month",
        "TwoMonths",
        "MonthWeek",
        "MonthWeek2",
        "MonthWeek3",
        "MonthWeek4",
        "MonthWeek5",
        "MonthWeekLast",
        "Quarter",
        "HalfYear",
        "Year"
    ]
}