{
    "$schema": "http://schema.hropenstandards.org/4_0/common/json/meta/hros.json",
    "version": "4.1.0",
    "title": "UnitCodeList",
    "description": "A partial list of UN/CEFACT Unit Codes for Trade (2014, Annex II & Annex III)",
    "enum": [
        "ACR",
        "ARE",
        "CMT",
        "DAY",
        "EA",
        "FOT",
        "GRM",
        "HAR",
        "HUR",
        "INH",
        "KGM",
        "KMT",
        "LTR",
        "MTR",
        "SMI",
        "MGM",
        "MLT",
        "MMT",
        "C26",
        "MIN",
        "MON",
        "C62",
        "ONZ",
        "PTI",
        "PT",
        "LBR",
        "QTI",
        "QT",
        "SEC",
        "STI",
        "WEE",
        "YRD",
        "ANN"
    ],
    "enumNames": [
        "acre",
        "are",
        "centimeter",
        "day",
        "each",
        "foot",
        "gram",
        "hectare",
        "hour",
        "inch",
        "kilogram",
        "kilometre",
        "litre",
        "metre",
        "mile",
        "milligram",
        "millilitre",
        "millimetre",
        "millisecond",
        "minute",
        "month",
        "one [piece]",
        "ounce",
        "pint [UK]",
        "pint [US]",
        "pound",
        "quart [UK]",
        "quart [US]",
        "second",
        "stone",
        "week",
        "yard",
        "year"
    ],
    "links": [
        {
            "href": "https://www.unece.org/cefact/codesfortrade/codes_index.html"
        }
    ]
}
