{
    "$schema": "http://schema.hropenstandards.org/4_0/common/json/meta/hros.json",
    "version": "4.1.0",
    "title": "PayRateType",
    "description": "Associates billing and/or pay rate information with time worked information reported on an entity.",
    "type": "object",
    "allOf": [
        { "$ref": "../base/EntityType.json#" }
    ],
    "properties": {
        "amount": { "$ref": "../base/AmountType.json#" },
        "intervalCode": { "$ref": "../codelist/PayRateIntervalCodeList.json#" }
    },
    "required": [ "amount" ]
}