{
    "$schema": "http://schema.hropenstandards.org/4_0/common/json/meta/hros.json",
    "version": "4.1.0",
    "title": "WorkAllocationType",
    "description": "The payrate for a block of items completed.",
    "type": "array",
    "items": {
        "type": "object",
        "properties": {
            "typeCode": { "type": "string" },
            "quantityLimit": { "type": "number" },
            "payRate": { "$ref": "PayRateType.json#" }
        },
        "minProperties": 2,
        "required": [ "payRate" ]
    }
}
