{
    "documentId": {
        "value": "00348728",
        "schemeId": "SomeVendorHris"
    },
    "language": "en-US",
    "dataProtectionPolicy": {
        "geoRestrictions": [
            {
                "country": "US",
                "policy": "Full Control"
            }
        ],
        "retentionDate": "2020-12-31"
    },
    "statusCode": "Active",
    "approvalStatusCode": "Approved",
    "approvalMessage": "Granted by controlling department.",
    "postingRequester": {
        "id": {
            "value": "OID-124342",
            "schemeId": "SomeVendorHris"
        },
        "name": "ACME R&D Headquarters",
        "personContacts": [
            {
                "id": {
                    "value": "PID-112233",
                    "schemeId": "SomeVendorHris"
                },
                "name": {
                    "given": "Jennifer",
                    "family": "Jones"
                },
                "primaryLanguage": "en-US",
                "roleCode": "Hiring Manager",
                "communication": {
                    "email": [
                        {
                            "address": "jennifer.jones@acme.com"
                        }
                    ],
                    "address": [
                        {
                            "line": "",
                            "city": "San Francisco",
                            "countryCode": "US"
                        }
                    ]
                }
            }
        ]
    },
    "positionProfiles": [
        {
            "profileName": "Basic Profile",
            "profileId": {
                "value": "PP-1000000",
                "schemeId": "SomeVendorHris"
            },
            "language": "en-US",
            "postingInstructions": [
                {
                    "channelId": {
                        "value": "homepage"
                    },
                    "start": "2017-01-08",
                    "end": "2017-12-31",
                    "applicationMethods": [
                        {
                            "applicationCloseDate": {
                                "end": "2018-01-15"
                            }
                        }
                    ]
                }
            ],
            "positionId": {
                "value": "JOB-122334",
                "schemeId": "SomeVendorAts"
            },
            "positionTitle": "Senior Software Developer Java",
            "positionLocation": [
                {
                    "name": "ACME R&D Headquarters",
                    "line": "144 Townsend St",
                    "city": "San Francisco",
                    "postalCode": "CA 94107",
                    "countryCode": "US",
                    "countrySubDivisions": [
                        {
                            "type": "state",
                            "value": "California"
                        }
                    ]
                }
            ],
            "positionOrganizations": [
                {
                    "id": {
                        "value": "OID-124342",
                        "schemeId": "SomeVendorHris"
                    },
                    "name": "ACME Industries",
                    "responsibilityCode": "Parent",
                    "domainName": "www.acme.de"
                },
                {
                    "id": {
                        "value": "OID-348299",
                        "schemeId": "SomeVendorHris"
                    },
                    "name": "ACME R&D Headquarters",
                    "responsibilityCode": "Division"
                },
                {
                    "id": {
                        "value": "OID-145667",
                        "schemeId": "SomeVendorHris"
                    },
                    "name": "AI Research Department",
                    "responsibilityCode": "Department"
                }
            ],
            "positionOpenQuantity": 2,
            "jobCategories": [
                {
                    "id": {
                        "value": "4",
                        "schemeId": "SomeVendorHris"
                    },
                    "code": "Technicians"
                }
            ],
            "careerLevels": [
                {
                    "id": {
                        "value": "7",
                        "schemeId": "SomeVendorHris"
                    },
                    "code": "MidCareer"
                }
            ],
            "positionOfferingTypes": [
                "DirectHire"
            ],
            "positionQualifications": [
                {
                    "qualificationSummary": "Experienced software developer; Main programming language: Java; Expected experience: at least 5 years; Expected further qualifications: OOP, UML, NoSQL, SQL.",
                    "positionCompetencies": [
                        {
                            "competencyName": "Java",
                            "competencyIds": [
                                {
                                    "value": "19a8293b-8e95-4de3-983f-77484079c389",
                                    "schemeId": "ESCO Skills",
                                    "schemeVersionId": "1.0.1",
                                    "schemeAgencyId": "EU",
                                    "schemeLink": "http://data.europa.eu/esco/skill/19a8293b-8e95-4de3-983f-77484079c389",
                                    "agencyUri": "http://data.europa.eu"
                                }
                            ],
                            "requiredProficiencyLevel": {
                                "scoresText": [
                                    {
                                        "value": "Professional"
                                    }
                                ]
                            },
                            "desiredProficiencyLevel": {
                                "scoresText": [
                                    {
                                        "value": "Expert"
                                    }
                                ]
                            },
                            "weight": {
                                "value": 90,
                                "minimumScore": 0,
                                "maximumScore": 100
                            }
                        },
                        {
                            "competencyName": "NoSQL",
                            "competencyIds": [
                                {
                                    "value": "76ef6ed3-1658-4a1a-9593-204d799c6d0c",
                                    "schemeId": "ESCO Skills",
                                    "schemeVersionId": "1.0.1",
                                    "schemeAgencyId": "EU",
                                    "schemeLink": "http://data.europa.eu/esco/skill/76ef6ed3-1658-4a1a-9593-204d799c6d0c",
                                    "agencyUri": "http://data.europa.eu"
                                }
                            ],
                            "desiredProficiencyLevel": {
                                "scoresText": [
                                    {
                                        "value": "Professional"
                                    }
                                ]
                            },
                            "weight": {
                                "value": 50,
                                "minimumScore": 0,
                                "maximumScore": 100
                            }
                        }
                    ]
                }
            ],
            "positionFormattedDescriptions": [
                {
                    "descriptionId": {
                        "value": "job_description"
                    },
                    "content": "Will work for R&D AI department. Main topics: pattern recognition and classification. AI applications for IOT products."
                },
                {
                    "descriptionId": {
                        "value": "job_requirements"
                    },
                    "content": "Search for a software developer. \n - Main programming language: Java \n - Senior level \n Expected experience: at least 5 years \n - Expected qualifications: Java, OOP, UML, SQL, NoSQL."
                }
            ],
            "workingLanguages": [
                {
                    "name": "English",
                    "code": "en-US"
                }
            ],
            "positionPeriod": {
                "start": "2018-01-01",
                "end": "2022-12-31"
            },
            "immediateStartIndicator": true,
            "positionScheduleTypeCodes": [
                "FullTime"
            ],
            "offeredRemunerationPackage": {
                "benefitsSummary": [
                    "Standard contract including usage of company car."
                ],
                "validFrom": "2018-01-01T00:00:00Z",
                "validTo": "2018-12-31T23:59:59Z",
                "basisCode": "Salaried",
                "ranges": [
                    {
                        "intervalCode": "Year",
                        "referenceAmount": {
                            "value": 100000,
                            "currency": "USD"
                        },
                        "typeCode": "BasePay"
                    },
                    {
                        "intervalCode": "Year",
                        "referenceAmount": {
                            "value": 5000,
                            "currency": "USD"
                        },
                        "typeCode": "Bonus"
                    }
                ]
            }
        }
    ]
}
