{
    "documentId": {
        "value": "J12345",
        "schemeId": "ATS"
    },
    "language": "en-US",
    "statusCode": "Active",
    "postingRequester": {
        "id": {
            "value": "1",
            "schemeId": "atsRequesterId"
        },
        "code": "D-145364",
        "name": "ABC Inc",
        "personContacts": [
            {
                "name": {
                    "given": "John",
                    "family": "Smith"
                },
                "roleCode": "Hiring Manager",
                "communication": {
                    "email": [
                        {
                            "address": "john.smith@abccompany.com"
                        }
                    ],
                    "address": [
                        {
                            "city": "New York",
                            "countryCode": "US",
                            "countrySubDivisions": [
                                {
                                    "type": "state",
                                    "value": "NY"
                                }
                            ]
                        }
                    ]
                }
            }
        ]
    },
    "positionProfiles": [
        {
            "profileName": "Sales Manager Job Posting",
            "profileId": {
                "value": "J12345",
                "schemeId": "ATS"
            },
            "language": "en-US",
            "postingInstructions": [
                {
                    "channelId": {
                        "value": "BestJobBoard"
                    },
                    "templateId": "",
                    "brandingId": "",
                    "applicationMethods": [
                        {
                            "instructions": "online application",
                            "personContact": {
                                "name": {
                                    "given": "Jane",
                                    "family": "Smith"
                                },
                                "roleCode": "Hiring Manager",
                                "communication": {
                                    "email": [
                                        {
                                            "address": "jane.smith@abccompany.com"
                                        }
                                    ]
                                }
                            },
                            "applicationUri": {
                                "url": "http://abccompany.ttcportals.com/jobs/124740-corporate-sales-manager"
                            }
                        }
                    ]
                }
            ],
            "positionId": {
                "value": "EXT-J12345",
                "schemeId": "ATS"
            },
            "positionTitle": "Sales Manager",
            "positionLocation": [
                {
                    "name": "ABC Inc. Headquarters",
                    "line": "1 Wall St",
                    "city": "New York",
                    "postalCode": "10005",
                    "countryCode": "US",
                    "countrySubDivisions": [
                        {
                            "type": "state",
                            "value": "NY"
                        }
                    ],
                    "geoLocation": {
                        "latitude": 40.7071269,
                        "longitude": -74.0139965
                    }
                }
            ],
            "positionOrganizations": [
                {
                    "name": "ABC Inc.",
                    "responsibilityCode": "Parent",
                    "domainName": "www.abccompany.com"
                }
            ],
            "positionOpenQuantity": 1,
            "jobCategories": [
                {
                    "id": {
                        "value": "5",
                        "schemeId": "ATS"
                    },
                    "code": "Sales"
                }
            ],
            "careerLevels": [
                {
                    "id": {
                        "value": "11",
                        "schemeId": "ATS"
                    },
                    "code": "Manager"
                }
            ],
            "positionOfferingTypes": [
                "DirectHire"
            ],
            "positionQualifications": [
                {
                    "educationRequirement": {
                        "educationLevelCode": "",
                        "iscedEducationLevelCode": "6",
                        "degreeTypeCode": "bachelors"
                    }
                }
            ],
            "positionFormattedDescriptions": [
                {
                    "descriptionId": {
                        "value": "job_description"
                    },
                    "title": "Job Description",
                    "content": "Are you a LEADER and a BUILDER?  Global is looking for individuals who are dynamic, sales-oriented, and who want to control their destiny.  With a full training programme and consistent support, Global will provide you with the tools to excel in this very lucrative business."
                },
                {
                    "descriptionId": {
                        "value": "job_requirements"
                    },
                    "title": "Qualifications",
                    "content": "5 years of direct sales experience. At least 2 years of Sales Management experience."
                },
                {
                    "descriptionId": {
                        "value": "company_description"
                    },
                    "title": "About Us",
                    "content": "ABC Company manufactures and distributes precision engineered metal, plastic, cork, rubber and wood products to companies and private individuals worldwide. All our products are functional, well-designed and manufactured to the highest quality standards. Customers across the world look to us for high quality products at competitive prices. Orders are prepared for shipment as soon as possible - often within minutes. Our volume and expertise in domestic and international shipping gets us drastically reduced shipping rates and we pass those savings directly to you. If ever we fail to deliver exceptional quality, service or value please email us so we can correct the problem."
                }
            ],
            "positionScheduleTypeCodes": [
                "FullTime"
            ],
            "offeredRemunerationPackage": {
                "basisCode": "Salaried",
                "ranges": [
                    {
                        "intervalCode": "Year",
                        "referenceAmount": {
                            "value": 100000,
                            "currency": "USD"
                        },
                        "typeCode": "BasePay"
                    },
                    {
                        "intervalCode": "Year",
                        "referenceAmount": {
                            "value": 5000,
                            "currency": "USD"
                        },
                        "typeCode": "Bonus"
                    }
                ]
            }
        }
    ]
}
