{
    "documentId": {
        "value": "00348728",
        "schemeId": "SomeVendorHris"
    },
    "alternateIds": [
        {
            "schemeId": "positionopening_uc005",
            "value": "1",
            "schemeLink": "https://github.com/HROpen/Recruiting/wiki/positionopening_uc005"
        }
    ],
    "statusCode": "Active",
    "approvalStatusCode": "Approved",
    "approvalMessage": "Granted by controlling department.",
    "postingRequester": {
        "id": {
            "value": "OID-124342",
            "schemeId": "SomeVendorHris"
        },
        "name": "ACME R&D Headquarters",
        "personContacts": [
            {
                "id": {
                    "value": "PID-112233",
                    "schemeId": "SomeVendorHris"
                },
                "name": {
                    "given": "Jennifer",
                    "family": "Jones"
                },
                "primaryLanguage": "en-US",
                "roleCode": "Hiring Manager",
                "communication": {
                    "email": [
                        {
                            "address": "jennifer.jones@acme.com"
                        }
                    ],
                    "address": [
                        {
                            "line": "",
                            "city": "San Francisco",
                            "countryCode": "US"
                        }
                    ]
                }
            }
        ]
    },
    "positionProfiles": [
        {
            "profileName": "Basic Profile",
            "profileId": {
                "value": "PP-1000000",
                "schemeId": "SomeVendorHris"
            },
            "positionId": {
                "value": "JOB-122334",
                "schemeId": "SomeVendorAts"
            },
            "positionTitle": "Senior Software Developer Java",
            "positionLocation": [
                {
                    "name": "ACME R&D Headquarters",
                    "line": "144 Townsend St",
                    "city": "San Francisco",
                    "postalCode": "CA 94107",
                    "countryCode": "US",
                    "countrySubDivisions": [
                        {
                            "type": "state",
                            "value": "California"
                        }
                    ]
                }
            ],
            "positionOrganizations": [
                {
                    "id": {
                        "value": "OID-124342",
                        "schemeId": "SomeVendorHris"
                    },
                    "name": "ACME Industries",
                    "responsibilityCode": "Parent",
                    "domainName": "www.acme.de"
                },
                {
                    "id": {
                        "value": "OID-348299",
                        "schemeId": "SomeVendorHris"
                    },
                    "name": "ACME R&D Headquarters",
                    "responsibilityCode": "Division"
                },
                {
                    "id": {
                        "value": "OID-145667",
                        "schemeId": "SomeVendorHris"
                    },
                    "name": "AI Research Department",
                    "responsibilityCode": "Department"
                }
            ],
            "positionOpenQuantity": 2,
            "jobCategories": [
                {
                    "id": {
                        "value": "4",
                        "schemeId": "SomeVendorHris"
                    },
                    "code": "Technicians"
                }
            ],
            "careerLevels": [
                {
                    "id": {
                        "value": "7",
                        "schemeId": "SomeVendorHris"
                    },
                    "code": "MidCareer"
                }
            ],
            "positionOfferingTypes": [
                "DirectHire"
            ],
            "positionQualifications": [
                {
                    "qualificationSummary": "Experienced software developer; Main programming language: Java; Expected experience: at least 5 years; Expected further qualifications: OOP, UML, NoSQL, SQL."
                }
            ],
            "workingLanguages": [
                {
                    "name": "English",
                    "code": "en-US"
                }
            ],
            "positionPeriod": {
                "start": "2018-01-01",
                "end": "2022-12-31"
            },
            "immediateStartIndicator": true,
            "positionScheduleTypeCodes": [
                "FullTime"
            ]
        }
    ]
}
