{
    "documentId": {
        "value": "3c28f9b0-a0c1-431b-b96f-557395fba52f",
        "schemeId": "ATS"
    },
    "language": "en-US",
    "statusCode": "Active",
    "postingRequester": {
        "id": {
            "value": "1",
            "schemeId": "atsRequesterId"
        },
        "code": "A12345",
        "name": "Global Supply Chain Inc.",
        "personContacts": [
            {
                "name": {
                    "given": "Jerilyn",
                    "family": "Jennings"
                },
                "roleCode": "Recruiter",
                "communication": {
                    "email": [
                        {
                            "address": "jjennings@globalsupplychain.com"
                        }
                    ],
                    "address": [
                        {
                            "city": "Chicago",
                            "countryCode": "US",
                            "countrySubDivisions": [
                                {
                                    "type": "state",
                                    "value": "IL"
                                }
                            ]
                        }
                    ]
                }
            }
        ]
    },
    "positionProfiles": [
        {
            "profileName": "Senior Data Scientist",
            "profileId": {
                "value": "SDS1",
                "schemeId": "ATS"
            },
            "language": "en-US",
            "postingInstructions": [
                {
                    "channelId": {
                        "value": "Resume Data Base 1"
                    },
                    "postingOptionCodes": [
                        "DB1",
                        "DB2"
                    ]
                }
            ],
            "positionId": {
                "value": "EXT-SDS1",
                "schemeId": "ATS"
            },
            "positionTitle": "Senior Data Scientist",
            "positionLocation": [
                {
                    "name": "Global Supply Chain Inc.",
                    "line": "600 N Michigan Avenue",
                    "city": "Chicago",
                    "postalCode": "60611",
                    "countryCode": "US",
                    "countrySubDivisions": [
                        {
                            "type": "state",
                            "value": "IL"
                        }
                    ],
                    "geoLocation": {
                        "latitude": 41.8932,
                        "longitude": -87.624535
                    }
                }
            ],
            "positionOrganizations": [
                {
                    "name": "Global Supply Chain Inc.",
                    "responsibilityCode": "Parent",
                    "domainName": "www.globalsupplychain.com"
                }
            ],
            "positionOpenQuantity": 1,
            "jobCategories": [
                {
                    "id": {
                        "value": "3",
                        "schemeId": "ATS"
                    },
                    "code": "Research and Development"
                }
            ],
            "careerLevels": [
                {
                    "id": {
                        "value": "4",
                        "schemeId": "ATS"
                    },
                    "code": "Senior Technical"
                }
            ],
            "positionOfferingTypes": [
                "DirectHire"
            ],
            "positionQualifications": [
                {
                    "qualificationSummary": "Experienced software developer; Main programming language: Java; Expected experience: at least 5 years; Expected further qualifications: OOP, UML, NoSQL, SQL.",
                    "educationRequirement": {
                            "educationLevelCode": "",
                            "iscedEducationLevelCode": "7",
                            "degreeTypeCode": "masters"
                    },
                    "positionCompetencies": [
                        {
                            "competencyName": "Python",
                            "competencyIds": [
                                {
                                    "value": "ccd0a1d9-afda-43d9-b901-96344886e14d",
                                    "schemeId": "ESCO Skills",
                                    "schemeVersionId": "1.0.1",
                                    "schemeAgencyId": "EU",
                                    "schemeLink": "http://data.europa.eu/esco/skill/ccd0a1d9-afda-43d9-b901-96344886e14d",
                                    "agencyUri": "http://data.europa.eu"
                                }
                            ],
                            "requiredProficiencyLevel": {
                                "scoresText": [
                                    {
                                        "value": "Professional"
                                    }
                                ]
                            },
                            "desiredProficiencyLevel": {
                                "scoresText": [
                                    {
                                        "value": "Expert"
                                    }
                                ]
                            },
                            "weight": {
                                "value": 80,
                                "minimumScore": 0,
                                "maximumScore": 100
                            }
                        },
                        {
                            "competencyName": "Machine Learning",
                            "competencyIds": [
                                {
                                    "value": "a4d336a6-9ffd-402a-91cc-f359716ba4e0",
                                    "schemeId": "ESCO Skills",
                                    "schemeVersionId": "1.0.1",
                                    "schemeAgencyId": "EU",
                                    "schemeLink": "http://data.europa.eu/esco/skill/a4d336a6-9ffd-402a-91cc-f359716ba4e0",
                                    "agencyUri": "http://data.europa.eu"
                                }
                            ],
                            "desiredProficiencyLevel": {
                                "scoresText": [
                                    {
                                        "value": "Professional"
                                    }
                                ]
                            },
                            "weight": {
                                "value": 90,
                                "minimumScore": 0,
                                "maximumScore": 100
                            }
                        }
                    ]
                }
            ],
            "positionFormattedDescriptions": [
                {
                    "descriptionId": {
                        "value": "job_description"
                    },
                    "title": "Job Description",
                    "content": "We are looking for a Data Scientist that will help us discover the information hidden in vast amounts of data, and help us make smarter decisions to deliver even better products. Your primary focus will be in applying data mining techniques, doing statistical analysis, and building high quality prediction systems integrated with our products."
                },
                {
                    "descriptionId": {
                        "value": "job_requirements"
                    },
                    "title": "Qualifications",
                    "content": "<ul><li>Selecting features, building and optimizing classifiers using machine learning techniques</li><li>Data mining using state-of-the-art methods</li><li>Extending company’s data with third party sources of information when needed</li><li>Enhancing data collection procedures to include information that is relevant for building analytic systems</li><li>Processing, cleansing, and verifying the integrity of data used for analysis</li><li>Doing ad-hoc analysis and presenting results in a clear manner</li><li>Creating automated anomaly detection systems and constant tracking of its performance</li></ul>"
                },
                {
                    "descriptionId": {
                        "value": "company_description"
                    },
                    "title": "About Us",
                    "content": "GLOBAL SUPPLY CHAIN LOGISTICS is backed by its unique strength of industry expertise and is poised to play a strong role in providing logistics solutions for businesses of every size across United States and around the World.<br/><br/>We are a Logistics Solutions provider and our services include International Freight Forwarding (Air, Sea &amp; Land), Documentation and Customs Clearance, Local and Trans-Border Transportation, Express Courier Services and Local/International Removals.<br/>"
                }
            ],
            "positionScheduleTypeCodes": [
                "FullTime"
            ],
            "offeredRemunerationPackage": {
                "basisCode": "Salaried",
                "ranges": [
                    {
                        "intervalCode": "Year",
                        "referenceAmount": {
                            "value": 125000,
                            "currency": "USD"
                        },
                        "typeCode": "BasePay"
                    },
                    {
                        "intervalCode": "Year",
                        "referenceAmount": {
                            "value": 10000,
                            "currency": "USD"
                        },
                        "typeCode": "Bonus"
                    }
                ]
            }
        }
    ]
}
