<LearningRec:LearningRecord xmlns:AcRec="urn:org:pesc:sector:AcademicRecord:v1.12.0" xmlns:LearningRec="urn:org:pesc:message:LearningRecord:v1.0.0"
xmlns:core="urn:org:pesc:core:CoreMain:v1.18.0" xmlns:xsi="http://www.w3.org/2001/XMLSchema-instance"
xsi:schemaLocation="urn:org:pesc:message:LearningRecord:v1.0.0 LearningRecord_v1.0.0.xsd">
  <TransmissionData>
    <DocumentID>2fde9683-a1ba-344c-bc3d-8ab34430fabe</DocumentID>
    <CreatedDateTime>2016-09-13T13:38:19</CreatedDateTime>
    <DocumentTypeCode>Request</DocumentTypeCode>
    <TransmissionType>Original</TransmissionType>
    <Source>
      <Organization>
        <DUNS>009214214</DUNS>
        <OrganizationName>Stanford University</OrganizationName>
      </Organization>
    </Source>
    <Destination>
      <Organization>
        <OPEID/>
        <OrganizationName>CeCredential Trust</OrganizationName>
      </Organization>
    </Destination>
    <DocumentProcessCode>PRODUCTION</DocumentProcessCode>
  </TransmissionData>
  <DocumentProduction>
    <ElectronicFormat>PDFWithEmbeddedData</ElectronicFormat>
    <DocumentTypeCode>Certificate</DocumentTypeCode>
    <Person>
      <Name>
        <FirstName>Jane</FirstName>
        <LastName>Doe</LastName>
      </Name>
    </Person>
    <AcademicAward>
      <AcademicAwardLevel>1.5</AcademicAwardLevel>
      <AcademicAwardDate>2016-06-12</AcademicAwardDate>
      <AcademicAwardTitle>Program in Writing and Rhetoric</AcademicAwardTitle>
      <AcademicSummary>
        <AcademicSummaryType>DegreeApplicable</AcademicSummaryType>
        <AcademicHonors>
          <HonorsTitle>Conferred with Distinction</HonorsTitle>
        </AcademicHonors>
        <AcademicProgram>
          <AcademicProgramName>Notation in Science Communication</AcademicProgramName>
        </AcademicProgram>
      </AcademicSummary>
      <NoteMessage>1.5 statement of achievement</NoteMessage>
    </AcademicAward>
    <AwardEndorse>
      <Department>Vice Provost for Undergraduate Education</Department>
      <PositionTitle>Freeman-Thornton Vice Provost for Undergraduate Education</PositionTitle>
      <Name>
        <FirstName>Harry</FirstName>
        <MiddleName>J</MiddleName>
        <LastName>Elam</LastName>
      </Name>
    </AwardEndorse>
    <AwardEndorse>
      <Department>Vice Provost for Student Affairs</Department>
      <PositionTitle>Vice Provost for Student Affairs</PositionTitle>
      <Name>
        <FirstName>Greg</FirstName>
        <LastName>Boardman</LastName>
      </Name>
    </AwardEndorse>
  </DocumentProduction>
  <LearningRecordDetail>
    <Person>
      <Name>
        <FirstName>Jane</FirstName>
        <LastName>Doe</LastName>
      </Name>
      <AlternateName/>
    </Person>
    <AcademicLearning>
      <School>
        <OrganizationName>Stanford University</OrganizationName>
        <OPEID>00130500</OPEID>
        <SchoolLevel>Postsecondary</SchoolLevel>
        <NoteMessage>CheaID=204641</NoteMessage>
      </School>
      <Department>
        <OPEID>00130502</OPEID>
        <OrganizationName>Vice Provost for Undergraduate Education</OrganizationName>
      </Department>
      <AcademicAward>
        <AcademicAwardLevel>1.5</AcademicAwardLevel>
        <AcademicAwardDate>2016-06-12</AcademicAwardDate>
        <AcademicAwardTitle>Certificate of Achievement</AcademicAwardTitle>
        <AcademicSummary>
          <AcademicSummaryType>DegreeApplicable</AcademicSummaryType>
          <AcademicHonors>
            <HonorsTitle>Conferred with Distinction</HonorsTitle>
          </AcademicHonors>
          <AcademicProgram>
            <AcademicProgramName>Notation in Science Communication</AcademicProgramName>
          </AcademicProgram>
        </AcademicSummary>
        <NoteMessage>1.5 statement of achievement</NoteMessage>
      </AcademicAward>
      <AchievementCategoryCode>Academic</AchievementCategoryCode>
      <ProgramInstructionMethod>FieldStudy</ProgramInstructionMethod>
      <PerformanceEvidence>
        <URLAddress>http://purl.stanford.edu/tt285pn0136</URLAddress>
      </PerformanceEvidence>
      <LearningProgram>
        <LearningOutcome>
          <LearningOutcomeDescription>Translate scientific ideas for non-specialist audiences with minimal use of jargon, careful use of metaphor, and other strategies to increase audience interest and understanding</LearningOutcomeDescription>
        </LearningOutcome>
        <LearningOutcome>
          <LearningOutcomeDescription>Communicate to specialist audiences using precise technical language, accurate visual and diagrammatic representations of data, and appropriate disciplinary conventions</LearningOutcomeDescription>
        </LearningOutcome>
        <LearningOutcome>
          <LearningOutcomeDescription>Employ critical thinking and intellectual rigor in developing analyses of complex issues in science, including proposing appropriate actions, solutions, or responses</LearningOutcomeDescription>
        </LearningOutcome>
        <LearningOutcome>
          <LearningOutcomeDescription>Communicate science using a range of appropriate modes and technologies, including oral, visual, and multimedia components</LearningOutcomeDescription>
        </LearningOutcome>
        <LearningOutcome>
          <LearningOutcomeDescription>Understand the broader societal impacts of effective scientific communication</LearningOutcomeDescription>
        </LearningOutcome>
        <LearningOutcome>
          <LearningOutcomeDescription>Analyze how rhetorical choices influence the way science is communicated and understood across genres, contexts, and audiences</LearningOutcomeDescription>
        </LearningOutcome>
        <LearningOutcome>
          <LearningOutcomeDescription>Reflect on the range and effectiveness of varied communicative strategies for conveying scientific information and crafting persuasive and accessible arguments about science</LearningOutcomeDescription>
        </LearningOutcome>
        <LearningOutcome>
          <LearningOutcomeDescription>Reflect on how ePortfolios provide opportunities for crafting a professional identity as a scientist and communicating work to both institutional and industry audiences</LearningOutcomeDescription>
        </LearningOutcome>
      </LearningProgram>
	  <!-- Load Course tag starting from here -->
    <AcademicSession>
        <AcademicSessionDetail>
          <SessionDesignator>2016-06</SessionDesignator>
        </AcademicSessionDetail>
        <Course>
          <CourseCreditBasis>Regular</CourseCreditBasis>
          <CourseCreditUnits>CarnegieUnits</CourseCreditUnits>
          <CourseCreditValue>4</CourseCreditValue>
          <CourseNumber>1GLR</CourseNumber>
          <CourseTitle>Writing &amp; Rhetoric 1: Are you Fuzzy and Techie?: The Rhetoric of Art and Science</CourseTitle>
          <CourseInstructionMethod>AppliedInstruction</CourseInstructionMethod>
        </Course>
        <Course>
          <CourseCreditBasis>Regular</CourseCreditBasis>
          <CourseCreditUnits>CarnegieUnits</CourseCreditUnits>
          <CourseCreditValue>4</CourseCreditValue>
          <CourseNumber>194SB</CourseNumber>
          <CourseTitle>Topics in Writing and Rhetoric: Rhetoric of Science</CourseTitle>
          <CourseInstructionMethod>AppliedInstruction</CourseInstructionMethod>
        </Course>
        <Course>
          <CourseCreditBasis>Regular</CourseCreditBasis>
          <CourseCreditUnits>CarnegieUnits</CourseCreditUnits>
          <CourseCreditValue>4</CourseCreditValue>
          <CourseNumber>2KM</CourseNumber>
          <CourseTitle>Writing &amp; Rhetoric 2:  Everyone Has a "Climate Thing": The Discourse of Sustainable Energy</CourseTitle>
          <CourseInstructionMethod>AppliedInstruction</CourseInstructionMethod>
        </Course>
        <Course>
          <CourseCreditBasis>Regular</CourseCreditBasis>
          <CourseCreditUnits>CarnegieUnits</CourseCreditUnits>
          <CourseCreditValue>1</CourseCreditValue>
          <CourseNumber>99A</CourseNumber>
          <CourseTitle>Portfolio Preparation I</CourseTitle>
          <CourseInstructionMethod>AppliedInstruction</CourseInstructionMethod>
          <LearningOutcome>
            <LearningOutcomeDescription>Write samples that represent student learning in science communication</LearningOutcomeDescription>
          </LearningOutcome>
          <LearningOutcome>
            <LearningOutcomeDescription>Designing a rhetorical ePortfolio</LearningOutcomeDescription>
          </LearningOutcome>
        </Course>
        <Course>
          <CourseCreditBasis>Regular</CourseCreditBasis>
          <CourseCreditUnits>CarnegieUnits</CourseCreditUnits>
          <CourseCreditValue>3</CourseCreditValue>
          <CourseNumber>91KS</CourseNumber>
          <CourseTitle>Intermediate Writing: Design Thinking and Science Communication</CourseTitle>
          <CourseInstructionMethod>AppliedInstruction</CourseInstructionMethod>
          <LearningOutcome>
            <LearningOutcomeDescription>Consider multiple and possibly divergent solutions to a problem</LearningOutcomeDescription>
          </LearningOutcome>
          <LearningOutcome>
            <LearningOutcomeDescription>Explore the role of artistic expression in addressing issues that face society</LearningOutcomeDescription>
          </LearningOutcome>
          <LearningOutcome>
            <LearningOutcomeDescription>Experience what it is to make the unimagined possible and real</LearningOutcomeDescription>
          </LearningOutcome>
          <LearningOutcome>
            <LearningOutcomeDescription>Appreciate how experimentation, failure, and revision can play a valuable role in the creation of successful and innovative works</LearningOutcomeDescription>
          </LearningOutcome>
          <LearningOutcome>
            <LearningOutcomeDescription>Take creative risks beyond their comfort zones</LearningOutcomeDescription>
          </LearningOutcome>
          <LearningOutcome>
            <LearningOutcomeDescription>Explore their own potential to produce original creative projects</LearningOutcomeDescription>
          </LearningOutcome>
        </Course>
        <Course>
          <CourseCreditBasis>Regular</CourseCreditBasis>
          <CourseCreditUnits>CarnegieUnits</CourseCreditUnits>
          <CourseCreditValue>2</CourseCreditValue>
          <CourseNumber>99B</CourseNumber>
          <CourseTitle>Portfolio Preparation II</CourseTitle>
          <CourseInstructionMethod>AppliedInstruction</CourseInstructionMethod>
          <LearningOutcome>
            <LearningOutcomeDescription>Building, revising, and editing a portfolio of documents, slides, and videos that will demonstrate development as a science communicator</LearningOutcomeDescription>
          </LearningOutcome>
        </Course>
      </AcademicSession>
    </AcademicLearning>
  </LearningRecordDetail>
</LearningRec:LearningRecord>
