<LearningRec:LearningRecord xmlns:AcRec="urn:org:pesc:sector:AcademicRecord:v1.12.0" xmlns:LearningRec="urn:org:pesc:message:LearningRecord:v1.0.0"
xmlns:core="urn:org:pesc:core:CoreMain:v1.18.0" xmlns:xsi="http://www.w3.org/2001/XMLSchema-instance"
xsi:schemaLocation="urn:org:pesc:message:LearningRecord:v1.0.0 LearningRecord_v1.0.0.xsd">
    <TransmissionData>
        <DocumentID>1f3c87c5-b204-3f35-9853-b74ba5b48290</DocumentID>
        <CreatedDateTime>2016-09-09T10:55:22</CreatedDateTime>
        <DocumentTypeCode>Request</DocumentTypeCode>
        <TransmissionType>Original</TransmissionType>
        <Source>
            <Organization>
                <DUNS>009214214</DUNS>
                <OrganizationName>Stanford University</OrganizationName>
            </Organization>
        </Source>
        <Destination>
            <Organization>
                <OPEID />
                <OrganizationName>CeCredential Trust</OrganizationName>
            </Organization>
        </Destination>
        <DocumentProcessCode>PRODUCTION</DocumentProcessCode>
    </TransmissionData>
    <DocumentProduction>
        <ElectronicFormat>PDFWithEmbeddedData</ElectronicFormat>
        <DocumentTypeCode>Certificate</DocumentTypeCode>
        <Person>
            <Name>
                <FirstName>John</FirstName>
                <LastName>Doe</LastName>
            </Name>
        </Person>
        <AcademicAward>
            <AcademicAwardLevel>1.5</AcademicAwardLevel>
            <AcademicAwardDate>2016-06-12</AcademicAwardDate>
            <AcademicAwardTitle>Notation in Cardinal Service</AcademicAwardTitle>
            <AcademicSummary>
                <AcademicSummaryType>DegreeApplicable</AcademicSummaryType>
                <AcademicProgram>
                    <AcademicProgramName>HAAS Notation in Cardinal Service</AcademicProgramName>
                </AcademicProgram>
            </AcademicSummary>
            <NoteMessage>1.5 statement of achievement</NoteMessage>
        </AcademicAward>
        <AwardEndorse>
            <Department>Vice Provost for Undergraduate Education</Department>
            <PositionTitle>Freeman-Thornton Vice Provost for Undergraduate Education</PositionTitle>           
            <Name>
                <FirstName>Harry</FirstName>
                <MiddleName>J</MiddleName>
                <LastName>Elam</LastName>
            </Name>
        </AwardEndorse>
        <AwardEndorse>
            <Department>Vice Provost for Student Affairs</Department>
            <PositionTitle>Vice Provost for Student Affairs</PositionTitle>
            <Name>
                <FirstName>Greg</FirstName>
                <LastName>Boardman</LastName>
            </Name>
        </AwardEndorse>
    </DocumentProduction>
    <LearningRecordDetail>
        <Person>
            <Name>
                <FirstName>John</FirstName>
                <LastName>Doe</LastName>
            </Name>
            <AlternateName />
        </Person>
        <AcademicLearning>
            <School>
                <OrganizationName>Stanford University</OrganizationName>
                <OPEID>00130500</OPEID>
                <SchoolLevel>Postsecondary</SchoolLevel>
                <NoteMessage>CheaID=204641</NoteMessage>
            </School>
            <Department>
                <OPEID>00130502</OPEID>
                <OrganizationName>Vice Provost for Undergraduate Education</OrganizationName>
            </Department>
            <AcademicAward>
                <AcademicAwardLevel>1.5</AcademicAwardLevel>
                <AcademicAwardDate>2016-06-12</AcademicAwardDate>
                <AcademicAwardTitle>Certificate of Achievement</AcademicAwardTitle>
                <AcademicSummary>
                    <AcademicSummaryType>DegreeApplicable</AcademicSummaryType>
                    <AcademicProgram>
                        <AcademicProgramName>HAAS Notation in Cardinal Service</AcademicProgramName>
                    </AcademicProgram>
                </AcademicSummary>
                <NoteMessage>1.5 statement of achievement</NoteMessage>
            </AcademicAward>
            <AchievementCategoryCode>Academic</AchievementCategoryCode>
            <ProgramInstructionMethod>FieldStudy</ProgramInstructionMethod>
            <LearningProgram>
                <LearningOutcome>
                    <LearningOutcomeDescription>Contributed to student's intellectual and civic development</LearningOutcomeDescription>
                </LearningOutcome>
                <LearningOutcome>
                    <LearningOutcomeDescription>Provided opportunities to apply academic knowledge and skills to important public issues</LearningOutcomeDescription>
                </LearningOutcome>
                <LearningOutcome>
                    <LearningOutcomeDescription>Reflected a commitment to Haas Center Principles for Ethical and Effective Service</LearningOutcomeDescription>
                </LearningOutcome>
            </LearningProgram>
            <AcademicSession>
                <AcademicSessionDetail>
                    <SessionDesignator>2016-06</SessionDesignator>
                </AcademicSessionDetail>
                <LearningExperience>
                    <SponsorOrganization>Haas Center</SponsorOrganization>
                    <Mentor>
                        <PositionTitle>Adjunct Professor</PositionTitle>
                        <Name>
                            <FirstName>Karl</FirstName>
                            <LastName>Knapp</LastName>
                        </Name>
                    </Mentor>
                    <PlacementLocation>Sunlabob Renewable Energy. Yangon, Myanmar</PlacementLocation>
                    <LearningReflection>I worked with the Sunlabob Engineering team to help size solar photovoltaic systems for schools, houses, and a boat in Laos. I also
                    supported the team's efforts</LearningReflection>
                </LearningExperience>
            </AcademicSession>
        </AcademicLearning>
    </LearningRecordDetail>
</LearningRec:LearningRecord>
