{
    "salarySurveySubmission": [
        {
            "deployment": {
                "job": {
                    "title": "Buyer 1"
                }
            },
            "reward": [
                {
                    "rewardCode": "BasePay",
                    "eligibleIndicator": true,
                    "clientProvidedValue": {
                        "valueAmount": {
                            "value": 29000,
                            "currency": "USD"
                        },
                        "rateIntervalCode": "Year",
                        "cashIndicator": true
                    }
                }
            ]
        }
    ]
}