{
    "salarySurveySubmission": [{
        "match": {
            "surveyJobCode": "01-0111",
            "matchPercent": 100,
            "surveyJobCodeLevel": {
                "code": "5"
            },
            "surveyJobCodeSpeciality": {
                "code": "ACCT"
            }
        },
        "deployment": {
            "job": {
                "id": {
                    "value": "JOB006"
                },
                "title": "Analyst",
                "categoryCode": "13-111",
                "planCode": "Professional",
                "gradeCode": "Prof02"
            },
            "workLocation": {
                "code": "Office",
                "name": "Atlanta Peachtree",
                "address": {
                    "line": "3353 Peachtree Rd",
                    "countryCode": "US",
                    "countrySubDivisions": [{
                            "type": "Region",
                            "value": "NE Atlanta"
                        },
                        {
                            "type": "State",
                            "value": "Atlanta"
                        }
                    ],
                    "postalCode": "30326"
                },
                "virtualWorkerIndicator": false,
                "fieldRemoteWorkerIndicator": false
            },
            "wageHourLawCoverageIndicator": true,
            "wageHourLawCoverageCountryCode": "US",
            "workerAssignmentSource": {
                "sourceCode": "Domestic",
                "homeCountry": "US",
                "hostCountry": "US"
            },
            "laborBargainingUnitIndicator": false,
            "newHireProbationaryIndicator": true,
            "organization": {
                "id": {
                    "value": "10001"
                },
                "name": "Vision Corp",
                "taxId": {
                    "value": "123456789"
                },
                "legalId": {
                    "value": "1234567890"
                },
                "headCount": 5000,
                "revenue": {
                    "value": 100000000,
                    "currency": "USD"
                },
                "geographicResponsibilityCode": "National",
                "responsibilityCode": "Division",
                "ownershipType": "Public",
                "stockSymbol": "VISO",
                "workEnvironment": "Office",
                "industryCodes": [
                    "52"
                ]
            },
            "position": {
                "careerLevelCode": "Experienced",
                "positionTypeCode": "DirectHire",
                "positionScheduleType": "FullTime"
            },
            "scheduleHours": {
                "value": 40,
                "unitCode": "WEE"
            },
            "shiftCompensation": {
                "type": "Weekday Shift 1",
                "differential": {
                    "bonusSupplement": {
                        "value": 0,
                        "currency": "USD"
                    },
                    "flatPremiumAmount": {
                        "value": 0,
                        "currency": "USD"
                    },
                    "hourlyRatePercent": 0
                }
            }
        },
        "reward": [{
            "rewardCode": "BasePay",
            "eligibleIndicator": true,
            "clientProvidedValue": {
                "name": {
                    "value": "Salary",
                    "languageCode": "en-US"
                },
                "valueAmount": {
                    "value": 52500,
                    "currency": "USD"
                },
                "rateIntervalCode": "Year",
                "cashIndicator": true,
                "fixedIndicator": true
            }
        }],
        "longTermIncentivePlan": [{
            "planId": {
                "languageCode": "en-US",
                "value": "General EE Grant"
            },
            "planType": "Qualified Option",
            "eligibleIndicator": true,
            "grantType": "Annual",
            "unitsGrantedQuantity": 150,
            "grantPrice": {
                "value": 35.55,
                "currency": "USD"
            },
            "grantDate": "2016-04-01",
            "vestingPeriod": 4,
            "vestingSchedule": "Gradual"
        }]
    }]
}