{
    "salarySurveySubmission": [{
        "match": {
            "surveyJobCode": "05-6565",
            "matchPercent": 75,
            "surveyJobCodeLevel": {
                "code": "2"
            },
            "surveyJobCodeSpeciality": {
                "code": "NRSG"
            }
        },
        "deployment": {
            "job": {
                "id": {
                    "value": "HCJOB001"
                },
                "title": "Nurse",
                "categoryCode": "3012",
                "planCode": "Professional",
                "gradeCode": "N032"
            },
            "workLocation": {
                "code": "Hospital",
                "name": "Vancouver W Hastings",
                "address": {
                    "line": "1055 West Hastings Street",
                    "city": "Vancouver",
                    "countryCode": "CA",
                    "postalCode": "V5P 4C2"
                },
                "virtualWorkerIndicator": false,
                "fieldRemoteWorkerIndicator": false
            },
            "wageHourLawCoverageIndicator": false,
            "wageHourLawCoverageCountryCode": "CA",
            "workerAssignmentSource": {
                "sourceCode": "Domestic",
                "homeCountry": "CA",
                "hostCountry": "CA"
            },
            "laborBargainingUnitIndicator": false,
            "newHireProbationaryIndicator": true,
            "organization": {
                "id": {
                    "value": "65633"
                },
                "name": "Vancouver Coastal Health",
                "taxId": {
                    "value": "987654321-LKSDJS"
                },
                "legalId": {
                    "value": "9876543210"
                },
                "headCount": 20000,
                "revenue": {
                    "value": 3450000000,
                    "currency": "USD"
                },
                "geographicResponsibilityCode": "Regional",
                "responsibilityCode": "Department",
                "ownershipType": "NonProfit",
                "workEnvironment": "Hospital",
                "industryCodes": [
                    "62"
                ]
            },
            "position": {
                "careerLevelCode": "Senior",
                "positionTypeCode": "DirectHire",
                "positionScheduleType": "FullTime"
            },
            "scheduleHours": {
                "value": 50,
                "unitCode": "WEE"
            },
            "shiftCompensation": {
                "type": "Weekday Shift 1",
                "differential": {
                    "bonusSupplement": {
                        "value": 0,
                        "currency": "USD"
                    },
                    "flatPremiumAmount": {
                        "value": 0,
                        "currency": "USD"
                    },
                    "hourlyRatePercent": 0
                }
            },
            "licenseType": {
                "type": {
                    "code": "RN"
                }
            },
            "certificationType": {
                "type": {
                    "code": "CAN"
                }
            }
        },
        "reward": [{
            "rewardCode": "BasePay",
            "eligibleIndicator": true,
            "clientProvidedValue": {
                "name": {
                    "value": "Base Rate",
                    "languageCode": "en-US"
                },
                "valueAmount": {
                    "value": 28.5,
                    "currency": "CAD"
                },
                "rateIntervalCode": "Hour",
                "cashIndicator": true,
                "fixedIndicator": true
            }
        }]
    }]
}