{
    "$schema": "http://schema.hropenstandards.org/4_0/common/json/meta/hros.json",
    "version": "4.1.0",
    "title": "PartyInclusion",
    "description": "Supplier/Customer/Requester/etc information for an entity",
    "type": "object",
    "properties": {
        "party": {
            "type": "object",
            "properties": {
                "supplier": { "$ref": "PartyType.json#" },
                "customer": { "$ref": "PartyType.json#" },
                "requester": { "$ref": "PartyType.json#" }
            },
            "minProperties": 1,
            "additionalProperties": { "$ref": "PartyType.json#" }
        }
    }
}