{
    "$schema": "http://schema.hropenstandards.org/4_0/common/json/meta/hros.json",
    "version": "4.1.0",
    "title": "WorkLocationType",
    "description": "Work location schema",
    "allOf": [
        { "$ref": "../base/EntityType.json#" }
    ],    
    "type": "object",
    "properties": {
        "typeCode": { 
            "description" : "A code classifying the work location type e.g., Distribution center, Headquarters, Plant, etc.",
            "$ref": "../base/CodeType.json#" 
        },
        "virtualWorkerIndicator": { "$ref": "../base/IndicatorType.json#" },
        "fieldRemoteWorkerIndicator": { "$ref": "../base/IndicatorType.json#" },
        "address": { "$ref": "../communication/AddressType.json#" },
        "description": { "$ref": "../base/TextType.json#" }
    }
}
