<?xml version="1.0" encoding="UTF-8"?>
<tsr:TestScoreReport xsi:schemaLocation="urn:org:pesc:message:TestScoreReport:v1.1.0
		..\schema\TestScoreReport_v1.1.0.xsd" xmlns:xsi="http://www.w3.org/2001/XMLSchema-instance" xmlns:tsr="urn:org:pesc:message:TestScoreReport:v1.1.0">
	<TransmissionData>
		<DocumentID>1234567</DocumentID>
		<CreatedDateTime>2016-07-19T09:30:47.0Z</CreatedDateTime>
		<DocumentTypeCode>Request</DocumentTypeCode>
		<TransmissionType>Original</TransmissionType>
		<Source>
			<Organization>
				<DUNS>926459940</DUNS>
				<OrganizationName>Virigina Department of Education</OrganizationName>
				<Contacts>
					<Address>
						<AddressLine>123 Main Street</AddressLine>
						<City>Richmond</City>
						<StateProvinceCode>VA</StateProvinceCode>
						<PostalCode>23219</PostalCode>
					</Address>
					<Phone>
						<CountryPrefixCode>1</CountryPrefixCode>
						<AreaCityCode>555</AreaCityCode>
						<PhoneNumber>555-5555</PhoneNumber>
					</Phone>
					<Email>
						<EmailAddress>sample@vdoe.org</EmailAddress>
					</Email>

					<URL>
						<URLAddress>http://www.vdoe.org</URLAddress>
					</URL>
				</Contacts>
			</Organization>
		</Source>
		<Destination>
			<Organization>
				<CEEBACT>444032</CEEBACT>
				<LocalOrganizationID>
					<LocalOrganizationIDCode>2237901002</LocalOrganizationIDCode>
					<LocalOrganizationIDQualifier>TX</LocalOrganizationIDQualifier>
				</LocalOrganizationID>
				<OrganizationName>Austin Testing Organization</OrganizationName>
				<Contacts>
					<Address>
						<AddressLine>1715 W Cesar Chavez</AddressLine>
						<City>Austin</City>
						<StateProvinceCode>TX</StateProvinceCode>
						<PostalCode>78703</PostalCode>
						<AttentionLine>Jane Doe</AttentionLine>
						<AttentionLine>GuidanceCounselor</AttentionLine>
					</Address>
					<Phone>
						<CountryPrefixCode>1</CountryPrefixCode>
						<AreaCityCode>512</AreaCityCode>
						<PhoneNumber>555-1212</PhoneNumber>
						<PhoneNumberExtension>1400</PhoneNumberExtension>
					</Phone>
					<Email>
						<EmailAddress>registration@austintestingorganization.net</EmailAddress>
					</Email>

					<URL>
						<URLAddress>http://austintestorganization.net</URLAddress>
					</URL>
				</Contacts>
			</Organization>
		</Destination>
		<DocumentProcessCode>TEST</DocumentProcessCode>
		<DocumentOfficialCode>Official</DocumentOfficialCode>
		<DocumentCompleteCode>Partial</DocumentCompleteCode>
	</TransmissionData>
	<TestStudent>
		<TestPerson>
			<StudentIdentification>
				<SchoolAssignedPersonID>123456</SchoolAssignedPersonID>
				<AgencyAssignedID>7890123</AgencyAssignedID>
				<SSN>000990123</SSN>
			</StudentIdentification>
			<Birth>
				<BirthDate>1985-12-25</BirthDate>
			</Birth>
			<Name>
				<FirstName>James</FirstName>
				<LastName>Smith</LastName>
			</Name>
			<Contacts>
				<Address>
					<AddressLine>123 Main Street</AddressLine>
					<City>Chicago</City>
					<StateProvinceCode>IL</StateProvinceCode>
					<PostalCode>60714</PostalCode>
				</Address>
				<Phone>
					<AreaCityCode>847</AreaCityCode>
					<PhoneNumber>5551212</PhoneNumber>
				</Phone>
			</Contacts>
			<Gender>
				<GenderCode>Female</GenderCode>
			</Gender>
		</TestPerson>
		<SchoolSelectionCriteria/>
		<EducationTests>
			<EducationTestCode>SBACMathematics</EducationTestCode>
			<EducationTestName>Smarter Balanced Assessment Consortium Mathematics</EducationTestName>
			<TestAdministrationMethodCode>PencilAndPaper</TestAdministrationMethodCode>
			<TestDate>2016-03-31</TestDate>
			<TestScaleScoreValue>2592</TestScaleScoreValue>
			<TestStandardError>11.4</TestStandardError>
			<TestAchievementLevel>2</TestAchievementLevel>
			<EducationSubtest>
				<EducationSubtestCode>ConceptsAndProcedures</EducationSubtestCode>
				<EducationTestScores>
					<RawScoreValue>2585</RawScoreValue>
				</EducationTestScores>
			</EducationSubtest>
			<EducationSubtest>
				<EducationSubtestCode>ModelingAndDataAnalysis</EducationSubtestCode>
				<EducationTestScores>
					<RawScoreValue>2589</RawScoreValue>
				</EducationTestScores>
			</EducationSubtest>
			<EducationSubtest>
				<EducationSubtestCode>CommunicatingReasoning</EducationSubtestCode>
				<EducationTestScores>
					<RawScoreValue>2603</RawScoreValue>
				</EducationTestScores>
			</EducationSubtest>
		</EducationTests>
		<EducationTests>
			<EducationTestCode>SBACEnglishLanguageArts</EducationTestCode>
			<EducationTestName>Smarter Balanced Assessment Consortium English</EducationTestName>
			<TestAdministrationMethodCode>PencilAndPaper</TestAdministrationMethodCode>
			<TestDate>2016-03-31</TestDate>
			<TestScaleScoreValue>2591</TestScaleScoreValue>
			<TestStandardError>10.3</TestStandardError>
			<TestAchievementLevel>3</TestAchievementLevel>
			<EducationSubtest>
				<EducationSubtestCode>Reading</EducationSubtestCode>
				<EducationTestScores>
					<RawScoreValue>2577</RawScoreValue>
				</EducationTestScores>
			</EducationSubtest>
			<EducationSubtest>
				<EducationSubtestCode>Writing</EducationSubtestCode>
				<EducationTestScores>
					<RawScoreValue>2607</RawScoreValue>
				</EducationTestScores>
			</EducationSubtest>
			<EducationSubtest>
				<EducationSubtestCode>Listening</EducationSubtestCode>
				<EducationTestScores>
					<RawScoreValue>2577</RawScoreValue>
				</EducationTestScores>
			</EducationSubtest>
			<EducationSubtest>
				<EducationSubtestCode>Research</EducationSubtestCode>
				<EducationTestScores>
					<RawScoreValue>2611</RawScoreValue>
				</EducationTestScores>
			</EducationSubtest>
		</EducationTests>
	</TestStudent>
</tsr:TestScoreReport>
